categoria,order_uuid,data,tipo_pagamento,bruto,taxa,efeito_no_liquido
antes_do_backup,05405e66-d951-423b-a282-0384e2f06144,2025-10-16 14:44,PIX,79.20,7.20,72.00
antes_do_backup,05f85502-2377-4bb8-815a-3f980ad291b9,2025-10-16 14:50,CREDITO,67.10,6.10,61.00
antes_do_backup,08e05bd6-bd4c-4359-bc86-e90c021665ab,2025-10-20 12:31,CREDITO,327.80,29.80,298.00
antes_do_backup,0927f06f-cc5d-4d3b-a86e-d9142d55d305,2025-10-17 10:01,PIX,79.20,7.20,72.00
antes_do_backup,0a23e0ab-24c8-4dd2-8b2f-a3f6de33c8e1,2025-10-18 08:35,CREDITO,39.60,3.60,36.00
antes_do_backup,0e79a2dc-7ed0-461f-b546-7b443f3669a7,2025-10-16 09:59,PIX,55.00,5.00,50.00
antes_do_backup,0f181782-a042-4b4b-a5ff-7a58a2262919,2025-10-15 16:50,CREDITO,94.60,8.60,86.00
antes_do_backup,0f4f9dcc-6deb-4dd7-9a24-e8c3cce86c57,2025-10-19 16:04,CREDITO,82.50,7.50,75.00
antes_do_backup,0f95c8ec-06c1-4a10-b114-0e5334a4ed51,2025-10-17 09:18,PIX,39.60,3.60,36.00
antes_do_backup,1128d263-2abc-4460-96d0-56da855d9ce2,2025-10-15 20:45,PIX,110.00,10.00,100.00
antes_do_backup,113a36d0-ff7f-4e6f-8882-2024932f6145,2025-10-15 14:33,PIX,67.10,6.10,61.00
antes_do_backup,11c5b574-3602-48cd-8c3e-f0c3e71fb543,2025-10-15 19:47,PIX,59.40,5.40,54.00
antes_do_backup,126f408b-02f1-44ee-bb5c-420ebfb1ee87,2025-10-16 21:30,CREDITO,59.40,5.40,54.00
antes_do_backup,13643c45-1bbc-44ce-ad47-d7cb29c0c4e5,2025-10-19 22:21,CREDITO,74.80,6.80,68.00
antes_do_backup,13ba4957-9a0b-4468-a23f-63150064d9ef,2025-10-17 09:08,CREDITO,59.40,5.40,54.00
antes_do_backup,15b7782d-f883-47dd-a45a-c939e42ffc25,2025-10-21 10:02,CREDITO,59.40,5.40,54.00
antes_do_backup,196f390b-5d6d-4477-994d-2f9c9ccbf3a0,2025-10-18 20:36,PIX,99.00,9.00,90.00
antes_do_backup,19b36850-04c8-44a4-8c1e-ed8310ad3e3a,2025-10-19 14:31,CREDITO,138.60,12.60,126.00
antes_do_backup,19e4edf8-b1fe-4c26-94d0-7784bbf46477,2025-10-18 20:45,CREDITO,110.00,10.00,100.00
antes_do_backup,1c488495-ab85-4460-a116-22d1a61efb58,2025-10-19 06:00,PIX,118.80,10.80,108.00
antes_do_backup,1cee3eb6-9ecb-4000-b1c4-b5f1f870db3b,2025-10-15 21:32,PIX,47.30,4.30,43.00
antes_do_backup,1e9b78c8-ee14-480b-8788-f248fa88a117,2025-10-17 14:26,PIX,79.20,7.20,72.00
antes_do_backup,2008923a-70a3-4211-b7b1-38463ae2e7b6,2025-10-17 13:38,PIX,79.20,7.20,72.00
antes_do_backup,20d450bb-68d6-4c8b-b014-aa66fe137312,2025-10-19 06:09,PIX,198.00,18.00,180.00
antes_do_backup,216bbf1a-77e9-4537-81cc-ce99f664bde4,2025-10-20 20:33,CREDITO,67.10,6.10,61.00
antes_do_backup,23b39e20-57bb-46a1-a60e-d3e118d43566,2025-10-17 16:10,CREDITO,47.30,4.30,43.00
antes_do_backup,24268cbc-cd7c-4600-a01f-0f0a4dc6cce2,2025-10-18 12:07,CREDITO,79.20,7.20,72.00
antes_do_backup,27c2efb4-5fc7-4134-8109-aed61e8add3a,2025-10-15 16:47,PIX,59.40,5.40,54.00
antes_do_backup,298906d4-77ac-411d-bb19-af39689e60ff,2025-10-16 21:17,PIX,19.80,1.80,18.00
antes_do_backup,2a75ba86-5165-4d0b-82a0-fadcf283722c,2025-10-17 06:30,PIX,55.00,5.00,50.00
antes_do_backup,2b3a49ef-3529-4907-8e1a-dea22048252b,2025-10-17 12:17,PIX,39.60,3.60,36.00
antes_do_backup,2bcc3344-2d53-4e51-8aaf-591b5a518a45,2025-10-15 17:20,PIX,39.60,3.60,36.00
antes_do_backup,2ce67826-8306-41df-9340-b6eed8c99499,2025-10-16 20:10,CREDITO,82.50,7.50,75.00
antes_do_backup,2fbd87a2-7972-43c8-b5b7-4d276ef3498a,2025-10-17 15:39,CREDITO,99.00,9.00,90.00
antes_do_backup,306528f2-d5b3-420c-a793-1a5487711df5,2025-10-17 15:15,PIX,27.50,2.50,25.00
antes_do_backup,32398e4e-5e7e-4a02-868b-6982e6fa9a70,2025-10-15 15:07,PIX,99.00,9.00,90.00
antes_do_backup,325b4473-cab6-430d-9e7f-23abfa277d8a,2025-10-17 06:29,CREDITO,82.50,7.50,75.00
antes_do_backup,32d202d8-133c-453f-9422-9f4608ac8c81,2025-10-15 20:19,PIX,158.40,14.40,144.00
antes_do_backup,3698e661-5420-4a45-afbb-b97ee06a4ede,2025-10-18 14:55,CREDITO,138.60,12.60,126.00
antes_do_backup,36f1e23f-91e0-4a65-a39b-dd8d41d39f36,2025-10-16 17:42,CREDITO,55.00,5.00,50.00
antes_do_backup,3727d962-0c43-4d9a-8bdf-41f92a836747,2025-10-15 20:29,PIX,673.20,61.20,612.00
antes_do_backup,3af0448f-54e1-4daa-a107-c2492ee4de66,2025-10-21 17:03,PIX,39.60,3.60,36.00
antes_do_backup,3ce1fb22-b0f2-44f2-8e81-1da1f98df41d,2025-10-15 17:06,CREDITO,196.90,17.90,179.00
antes_do_backup,3d0f8113-4917-4036-85be-10b8fe4120c1,2025-10-16 09:56,CREDITO,82.50,7.50,75.00
antes_do_backup,3efa7ade-f150-43d3-9ec3-0b35d2e5bc7e,2025-10-15 22:23,CREDITO,74.80,6.80,68.00
antes_do_backup,408c256a-41ab-4e39-86f3-02f8fba6e3be,2025-10-18 04:57,PIX,99.00,9.00,90.00
antes_do_backup,418ce70e-40fa-4021-a03a-7ca7aff6a885,2025-10-15 17:43,CREDITO,297.00,27.00,270.00
antes_do_backup,44ae723b-c4d8-4e29-9550-f27b150cde31,2025-10-21 17:51,PIX,47.30,4.30,43.00
antes_do_backup,4517ac4e-dd0a-466e-a19c-cd35b9bb6fe5,2025-10-17 08:11,CREDITO,118.80,10.80,108.00
antes_do_backup,457ddea9-59ba-4b73-94ba-e106cc1a9091,2025-10-15 16:39,PIX,99.00,9.00,90.00
antes_do_backup,45f79d48-a1a6-4067-a445-8e2827da08c9,2025-10-17 16:25,CREDITO,47.30,4.30,43.00
antes_do_backup,460d9f87-2175-40ef-9e6e-22671e03aba0,2025-10-16 01:13,CREDITO,110.00,10.00,100.00
antes_do_backup,48196e41-2ee2-4efc-9e4e-e4053dd3d71b,2025-10-16 09:04,PIX,237.60,21.60,216.00
antes_do_backup,482e8486-1435-4729-808a-4bd3ffc05269,2025-10-20 20:57,PIX,39.60,3.60,36.00
antes_do_backup,489b5856-30c7-42d8-a8a1-5e185c50efce,2025-10-16 14:51,PIX,59.40,5.40,54.00
antes_do_backup,51138a75-5c82-41fe-8428-472aa4e088ca,2025-10-17 12:39,PIX,79.20,7.20,72.00
antes_do_backup,5192dcff-3e6f-45a1-956a-34f6c5e22367,2025-10-17 15:56,CREDITO,550.00,50.00,500.00
antes_do_backup,53d31f50-bb4c-4aa7-95a7-d239e2d6507b,2025-10-16 20:14,PIX,39.60,3.60,36.00
antes_do_backup,56c3032c-a4b5-416f-9760-12e6380d8e31,2025-10-17 08:54,CREDITO,39.60,3.60,36.00
antes_do_backup,5764a270-ea2c-448f-9910-0005cd9029c1,2025-10-19 18:33,CREDITO,94.60,8.60,86.00
antes_do_backup,59696639-cf17-44c8-aef6-90fb3ed067aa,2025-10-16 22:28,PIX,47.30,4.30,43.00
antes_do_backup,59c53d75-f17e-4dbd-addd-0e918dbb7339,2025-10-16 22:12,PIX,55.00,5.00,50.00
antes_do_backup,5b40729e-002d-4b97-88f6-673c7de61b9b,2025-10-17 19:12,CREDITO,59.40,5.40,54.00
antes_do_backup,5badb637-a252-41db-a1a6-421172574929,2025-10-16 09:51,CREDITO,99.00,9.00,90.00
antes_do_backup,614f94d5-dd1c-40fd-a6f4-1c0885a537e9,2025-10-17 22:06,PIX,74.80,6.80,68.00
antes_do_backup,64e492dc-b10b-46f7-92dd-2fa88e5ad9c0,2025-10-18 10:18,PIX,114.40,10.40,104.00
antes_do_backup,67a93af6-342e-45ab-ad75-33ea048733e2,2025-10-16 21:24,CREDITO,99.00,9.00,90.00
antes_do_backup,6a621b3b-4b17-419d-b53f-e72d8bb4bd6c,2025-10-15 17:00,PIX,39.60,3.60,36.00
antes_do_backup,6b19860b-e9c6-4e8c-829c-8a2786aeafbe,2025-10-21 11:45,PIX,149.60,13.60,136.00
antes_do_backup,6b436c09-afc3-48c4-8786-7b6b2d40ee17,2025-10-15 16:26,PIX,86.90,7.90,79.00
antes_do_backup,706b7d5e-5205-41c9-bb42-4544b23a6791,2025-10-18 12:07,CREDITO,47.30,4.30,43.00
antes_do_backup,70b271c0-b1a8-4336-a884-f91c50869975,2025-10-15 21:16,CREDITO,82.50,7.50,75.00
antes_do_backup,733cbbae-4e9c-4bc6-bbb5-63be0089c005,2025-10-15 16:47,PIX,74.80,6.80,68.00
antes_do_backup,755ccdf4-387a-4ee1-886b-8bf068226398,2025-10-17 05:22,CREDITO,79.20,7.20,72.00
antes_do_backup,76970d57-d896-4a63-8724-cd068fd0edac,2025-10-16 20:07,PIX,39.60,3.60,36.00
antes_do_backup,7c489a1b-d839-47e5-a7cb-009bf6e3f516,2025-10-17 09:17,CREDITO,55.00,5.00,50.00
antes_do_backup,7cb1f4b0-5e9c-410c-b813-d0f3211411b5,2025-10-15 16:10,PIX,59.40,5.40,54.00
antes_do_backup,7fb47d8d-a18e-4348-abff-88930db079da,2025-10-15 21:14,CREDITO,86.90,7.90,79.00
antes_do_backup,809b2a8a-e32c-4a1f-8fc5-4ead6a3e36a9,2025-10-16 20:19,PIX,39.60,3.60,36.00
antes_do_backup,845a6565-c33d-4338-9a5f-4f878841c1b3,2025-10-16 12:20,PIX,47.30,4.30,43.00
antes_do_backup,84e9a33e-b30b-408d-885f-c19b82434083,2025-10-18 18:19,PIX,118.80,10.80,108.00
antes_do_backup,88786d12-168e-4d7d-99aa-4e0f394c2aba,2025-10-16 11:33,PIX,67.10,6.10,61.00
antes_do_backup,89616159-8fe5-4afe-bf08-e49f9f3c9ce8,2025-10-16 23:02,PIX,118.80,10.80,108.00
antes_do_backup,89dd3a23-cbfa-4323-8caf-2542038ccf69,2025-10-15 16:21,PIX,39.60,3.60,36.00
antes_do_backup,8a479697-f605-4326-ada1-9d6838bf6aa3,2025-10-16 15:45,PIX,237.60,21.60,216.00
antes_do_backup,8c4bf8a6-ac04-4eda-863f-e5db571dbe45,2025-10-16 18:46,PIX,169.40,15.40,154.00
antes_do_backup,8d4c677b-8440-4777-b1fe-16c605b6182a,2025-10-19 12:07,PIX,39.60,3.60,36.00
antes_do_backup,921fb7eb-167f-40ad-b028-3085cdb8696c,2025-10-15 16:15,CREDITO,55.00,5.00,50.00
antes_do_backup,92bb1316-4b95-4b9d-8886-742d5d4ecaf0,2025-10-21 17:17,CREDITO,55.00,5.00,50.00
antes_do_backup,9778f5be-11a1-4ee6-ab2b-9f1c702b2fe3,2025-10-15 16:57,CREDITO,122.10,11.10,111.00
antes_do_backup,9b90e9c8-b16d-49cc-b0d2-205a402ee46e,2025-10-15 20:48,PIX,118.80,10.80,108.00
antes_do_backup,9e62ad72-b54c-4582-af19-e193f7cc3c87,2025-10-16 08:12,PIX,39.60,3.60,36.00
antes_do_backup,9f0750ae-49cd-4d05-92bb-48c65e956797,2025-10-15 16:20,PIX,55.00,5.00,50.00
antes_do_backup,a01b71c9-b92f-40b2-acd7-93ab21dd17ae,2025-10-17 11:31,PIX,102.30,9.30,93.00
antes_do_backup,a2c6a6a7-0573-40ba-aac9-25e7aacc6346,2025-10-20 12:41,PIX,79.20,7.20,72.00
antes_do_backup,a52f3b3e-b26b-4855-9266-df423dff64ce,2025-10-17 11:50,CREDITO,166.10,15.10,151.00
antes_do_backup,a56f480c-d34f-4ce8-8b52-94782637635d,2025-10-16 13:21,CREDITO,79.20,7.20,72.00
antes_do_backup,a5bbfeb2-7aa7-4312-a2a1-175557167b89,2025-10-20 11:58,PIX,138.60,12.60,126.00
antes_do_backup,ae875ce5-5716-403a-9164-5f6789c9d02f,2025-10-16 06:29,PIX,106.90,9.70,97.20
antes_do_backup,af11e0d3-bbbd-44c7-9e53-c491a84a115c,2025-10-16 10:52,CREDITO,39.60,3.60,36.00
antes_do_backup,afac02b4-61bd-4b98-864a-f4134bc68daa,2025-10-15 16:18,PIX,158.40,14.40,144.00
antes_do_backup,afb6bfdb-189b-449a-a4c3-082b6c83d0e0,2025-10-15 12:45,PIX,82.50,7.50,75.00
antes_do_backup,b298fa6c-df96-4717-8f32-5bcf24fe751e,2025-10-17 22:11,CREDITO,79.20,7.20,72.00
antes_do_backup,b2f515e1-fa46-4c5a-9735-8c8095830f99,2025-10-16 11:15,PIX,67.10,6.10,61.00
antes_do_backup,b46bd624-f1ff-4e89-821b-91765bd75109,2025-10-18 13:43,PIX,39.60,3.60,36.00
antes_do_backup,b791511e-455e-4d22-b8b1-31b12afeb88f,2025-10-15 16:36,CREDITO,39.60,3.60,36.00
antes_do_backup,b8b18b1a-c592-4376-9e76-aceafd8d1085,2025-10-15 19:50,PIX,39.60,3.60,36.00
antes_do_backup,bf7cdd4a-b619-45d6-be27-6960f486b0e2,2025-10-17 09:41,PIX,79.20,7.20,72.00
antes_do_backup,c4d15cf0-a581-47d4-97aa-d5e05c4649f7,2025-10-17 16:50,CREDITO,59.40,5.40,54.00
antes_do_backup,c64929a9-cff2-4d14-a9bc-4e4c7e01bbe2,2025-10-17 15:54,CREDITO,47.30,4.30,43.00
antes_do_backup,c6e6ab63-bda2-4d26-ab52-15241c1cf4c5,2025-10-16 13:20,CREDITO,47.30,4.30,43.00
antes_do_backup,c7d8998c-3ebc-404f-826a-fc4c150c9333,2025-10-20 18:19,CREDITO,39.60,3.60,36.00
antes_do_backup,cdb3a6ac-622c-4805-8dc2-99179937136e,2025-10-20 22:22,PIX,47.30,4.30,43.00
antes_do_backup,cfcc521c-da62-44f1-9e95-680f94086146,2025-10-15 16:46,CREDITO,99.00,9.00,90.00
antes_do_backup,d5121306-65b5-48ee-929a-080b267f0f1c,2025-10-15 18:58,PIX,59.40,5.40,54.00
antes_do_backup,d664b3be-8550-4828-a089-bafa359260ef,2025-10-15 22:19,CREDITO,129.80,11.80,118.00
antes_do_backup,d8e674d4-64b1-4189-a3b1-210c96c0c1fc,2025-10-15 16:39,PIX,39.60,3.60,36.00
antes_do_backup,da3e3c48-114d-422d-ae5e-c26c2fafd766,2025-10-18 22:14,PIX,99.00,9.00,90.00
antes_do_backup,dab0fa3a-2e01-47bb-bba1-a109c97601a1,2025-10-17 21:30,PIX,67.10,6.10,61.00
antes_do_backup,db2657a1-0ee9-42ef-8756-6a062cce7a5b,2025-10-16 07:06,CREDITO,39.60,3.60,36.00
antes_do_backup,ded541bc-895b-4c36-a837-0311d23507a8,2025-10-17 17:50,PIX,118.80,10.80,108.00
antes_do_backup,df283a79-3192-457c-b2cd-4a7b5ae838e1,2025-10-18 13:29,CREDITO,79.20,7.20,72.00
antes_do_backup,e1df1ee2-078d-4a06-bf69-867153f55a4c,2025-10-16 20:59,PIX,79.20,7.20,72.00
antes_do_backup,e649d26a-7968-49d1-95b8-683db6ee5516,2025-10-15 16:09,PIX,79.20,7.20,72.00
antes_do_backup,e6538108-6b74-4fbf-b891-f6c43bac4eef,2025-10-21 12:24,CREDITO,39.60,3.60,36.00
antes_do_backup,ea19b891-a784-420e-ba6a-59451c69cfbd,2025-10-16 12:41,CREDITO,47.30,4.30,43.00
antes_do_backup,ebf7393c-368b-490f-8394-088e65122cb8,2025-10-16 11:01,PIX,74.80,6.80,68.00
antes_do_backup,f00ed806-43a9-4786-93cf-48b1eaf916be,2025-10-16 11:20,PIX,55.00,5.00,50.00
antes_do_backup,f015a936-ee69-4e35-a88e-faad0abee60b,2025-10-16 09:07,PIX,47.30,4.30,43.00
antes_do_backup,f39f1509-7984-4813-b6fa-acd8fbd6af85,2025-10-15 17:16,CREDITO,82.50,7.50,75.00
antes_do_backup,f4a4e1fc-c035-4dc4-8b0a-e73ad0906e92,2025-10-15 21:30,PIX,39.60,3.60,36.00
antes_do_backup,f5eafb88-9998-4ef1-9e11-e060ed72daee,2025-10-17 10:07,PIX,79.20,7.20,72.00
antes_do_backup,f5fe2cd3-5d75-4734-a248-d2f124e1b5a5,2025-10-18 11:25,CREDITO,237.60,21.60,216.00
antes_do_backup,fb4cbaff-4ec7-4d1c-82e1-1c1b01b4c446,2025-10-16 21:46,PIX,158.40,14.40,144.00
antes_do_backup,fbd17fde-b93e-466a-ac05-5451b8d41e0d,2025-10-15 18:54,PIX,39.60,3.60,36.00
antes_do_backup,fbef9973-625d-47ce-8c26-29afa3982da6,2025-10-15 16:41,PIX,19.80,1.80,18.00
contestacao_no_extrato,0a46cc94-bfb7-463c-875d-c643f69e9bf9,2025-11-26 23:59Z,CREDITO,59.40,5.40,-54.00
contestacao_no_extrato,209d74f7-638f-4c70-90d5-31ea81247215,2025-12-05 15:59Z,PIX,99.00,9.00,-90.00
contestacao_no_extrato,45b662db-1d37-41f7-8fe9-c22749266842,2025-11-22 12:21Z,PIX,138.60,12.60,-126.00
contestacao_no_extrato,51dcbd77-52f8-4e19-845a-43bb2428de7c,2025-11-29 22:27Z,PIX,79.20,7.20,-72.00
contestacao_no_extrato,57066091-6b73-4137-8a83-7fbb614b5cf8,2025-12-04 21:26Z,PIX,59.40,5.40,-54.00
contestacao_no_extrato,61f6f76a-f462-4fd2-b087-610aff92ec90,2025-11-29 23:29Z,PIX,99.00,9.00,-90.00
contestacao_no_extrato,6486c1fb-8813-473f-9ddd-205c524f2eb0,2025-11-21 21:10Z,PIX,118.80,10.80,-108.00
contestacao_no_extrato,856196a5-0b51-457e-b3d6-59af3f8dfea6,2025-12-01 02:59Z,PIX,79.20,7.20,-72.00
contestacao_no_extrato,a7d6beba-5493-4140-99ea-ee2c09b739db,2025-12-03 18:48Z,PIX,55.00,5.00,-50.00
contestacao_no_extrato,ace25ce9-d4b1-498f-9a20-90bca19f874c,2025-11-30 12:04Z,PIX,79.20,7.20,-72.00
contestacao_no_extrato,b93cc379-87e7-4f30-840a-971985550e00,2025-11-29 14:30Z,PIX,79.20,7.20,-72.00
contestacao_no_extrato,c8749188-81c0-4648-abe5-572e4094b3ba,2025-11-20 11:03Z,CREDITO,47.30,4.30,-43.00
contestacao_no_extrato,d397c0a9-5fda-4a24-837e-2e8fcecf8311,2025-12-04 15:36Z,PIX,79.20,7.20,-72.00
cortesia_sem_webhook,022f38f9-8cb5-43cc-8063-a298f2c2b6e2,2025-11-15 14:06,CORTESIA,0.00,0.00,0.00
cortesia_sem_webhook,02ff2089-3575-4f4f-9a3d-ee4cb14d3bcb,2025-12-16 12:09,CORTESIA,0.00,0.00,0.00
cortesia_sem_webhook,2bfc1207-acba-4fc6-a0aa-560918a0a1a0,2025-11-28 17:54,CORTESIA,0.00,0.00,0.00
cortesia_sem_webhook,308f7574-9f62-49b6-8341-1a42da67c0a7,2025-12-16 17:05,CORTESIA,0.00,0.00,0.00
cortesia_sem_webhook,309a7763-936f-4038-b4cd-278ffe76437f,2025-12-04 17:39,CORTESIA,0.00,0.00,0.00
cortesia_sem_webhook,3216e5a3-2e6f-49ce-b51a-b125f4ac9a14,2025-12-30 11:58,CORTESIA,0.00,0.00,0.00
cortesia_sem_webhook,39a4f4d9-b11a-49d7-9e77-d4cc123847f1,2025-11-28 14:30,CORTESIA,0.00,0.00,0.00
cortesia_sem_webhook,41d112b5-8cbd-47d1-9fc6-300311481046,2025-12-16 21:58,CORTESIA,0.00,0.00,0.00
cortesia_sem_webhook,4257450c-7d4f-420a-b88d-66f6224b7a56,2025-12-04 17:36,CORTESIA,0.00,0.00,0.00
cortesia_sem_webhook,4d54f854-6d37-4ca7-8c21-452d6cb3db65,2025-12-19 16:50,CORTESIA,0.00,0.00,0.00
cortesia_sem_webhook,57a661d1-5d6c-4dc2-88eb-d354e1c63605,2025-12-15 17:00,CORTESIA,0.00,0.00,0.00
cortesia_sem_webhook,5aaf5147-3d2f-44e7-b213-933cbe4cac3b,2025-11-25 14:15,CORTESIA,0.00,0.00,0.00
cortesia_sem_webhook,5fad9a20-b03d-469e-b2ae-cadd9c7328ac,2025-11-30 17:31,CORTESIA,0.00,0.00,0.00
cortesia_sem_webhook,61be91bd-7fc0-4d55-99d0-0a798ccab92c,2025-12-05 12:19,CORTESIA,0.00,0.00,0.00
cortesia_sem_webhook,6201256f-d451-451d-98a9-7277240628b1,2025-11-15 14:03,CORTESIA,0.00,0.00,0.00
cortesia_sem_webhook,64f8b4e0-0348-4339-923f-b542bc5e80c7,2025-12-05 17:47,CORTESIA,0.00,0.00,0.00
cortesia_sem_webhook,6593ac4a-57f0-4535-b89b-6828fe614f5c,2025-12-03 15:09,CORTESIA,0.00,0.00,0.00
cortesia_sem_webhook,715c0e22-81d6-405c-b169-d7a4070db5e6,2025-11-27 17:44,CORTESIA,0.00,0.00,0.00
cortesia_sem_webhook,74df537f-09f0-4100-b45f-b92c09cfca3c,2025-12-30 11:56,CORTESIA,0.00,0.00,0.00
cortesia_sem_webhook,855d685b-32a5-4411-9021-d0bf78986587,2025-12-05 17:44,CORTESIA,0.00,0.00,0.00
cortesia_sem_webhook,8586a77e-a3b2-446f-a9a9-e386d23fc8dd,2025-12-19 16:52,CORTESIA,0.00,0.00,0.00
cortesia_sem_webhook,882b8eaa-0251-4b6b-9458-8360b759f6da,2025-12-13 18:49,CORTESIA,0.00,0.00,0.00
cortesia_sem_webhook,960165c5-5423-41fc-94ea-9c62e8b76fec,2025-11-30 23:24,CORTESIA,0.00,0.00,0.00
cortesia_sem_webhook,9d4928a2-9260-455c-894b-657733444313,2025-12-16 12:03,CORTESIA,0.00,0.00,0.00
cortesia_sem_webhook,a3cffd49-8bd9-4897-b662-64f863ab9cbd,2025-11-15 14:05,CORTESIA,0.00,0.00,0.00
cortesia_sem_webhook,acfb2e87-95b5-43fa-bd28-f5fa5e57988a,2025-11-22 15:28,CORTESIA,0.00,0.00,0.00
cortesia_sem_webhook,b062cc30-e9c5-4960-bcdf-d3882eae0243,2025-12-05 12:17,CORTESIA,0.00,0.00,0.00
cortesia_sem_webhook,b2973e9f-6657-47e0-87fc-de0ff7c1afb4,2025-11-29 12:52,CORTESIA,0.00,0.00,0.00
cortesia_sem_webhook,b8b87289-c954-44b1-a52f-9cce24e53db5,2025-12-25 12:37,CORTESIA,0.00,0.00,0.00
cortesia_sem_webhook,bd2868f0-dadd-4de8-9e34-e70e86979df0,2025-12-04 17:29,CORTESIA,0.00,0.00,0.00
cortesia_sem_webhook,c4f90243-9bdb-4ca8-ad9e-801b1347970b,2025-12-28 18:24,CORTESIA,0.00,0.00,0.00
cortesia_sem_webhook,c8ca78c0-853c-4640-9c0a-9fd0f16d247f,2025-11-29 12:38,CORTESIA,0.00,0.00,0.00
cortesia_sem_webhook,cc5b3e64-a70e-4a88-bdc8-b5f062ab4d1a,2025-11-27 17:47,CORTESIA,0.00,0.00,0.00
cortesia_sem_webhook,d86c8776-8ae4-4f24-8810-71ed30c1d8f2,2025-11-21 14:14,CORTESIA,0.00,0.00,0.00
cortesia_sem_webhook,d9a1d134-bbfa-424e-b9c9-78e4df3d1c3e,2025-12-25 12:35,CORTESIA,0.00,0.00,0.00
cortesia_sem_webhook,ec42f235-7e58-4783-b1c2-ea98e8aa3466,2026-01-04 17:11,CORTESIA,0.00,0.00,0.00
cortesia_sem_webhook,f14eb4be-4254-4f09-a8e4-b895873fac9e,2025-12-16 12:08,CORTESIA,0.00,0.00,0.00
fora_do_export_sem_webhook_ES,15740e42-6038-4f61-a028-3889515f65bb,2025-12-03 14:32Z,PIX,59.40,5.40,-54.00
fora_do_export_sem_webhook_ES,1b5d6908-f393-4d6d-b37c-4215fa3c8383,2025-11-21 19:40Z,CREDITO,198.00,18.00,-180.00
fora_do_export_sem_webhook_ES,1ba2f6ac-2cbe-46fd-b659-d9b9810e553c,2025-12-11 19:18Z,CREDITO,79.20,7.20,-72.00
fora_do_export_sem_webhook_ES,1e37058b-4f0f-44d8-94b7-92a00e3357c5,2025-11-27 19:41Z,CREDITO,99.00,9.00,-90.00
fora_do_export_sem_webhook_ES,297f0afe-27e2-4776-9cc9-c8fa929dd4c3,2025-12-04 22:32Z,CREDITO,79.20,7.20,-72.00
fora_do_export_sem_webhook_ES,37edf3ad-0467-401b-a28a-e2f577b606f5,2025-12-13 22:39Z,PIX,39.60,3.60,-36.00
fora_do_export_sem_webhook_ES,4aa9383e-8495-4647-97dd-8adc50d32677,2025-11-15 12:10Z,CREDITO,59.40,5.40,-54.00
fora_do_export_sem_webhook_ES,4c280705-9953-4be8-b3cd-9e90a6399f79,2025-11-30 14:37Z,CREDITO,79.20,7.20,-72.00
fora_do_export_sem_webhook_ES,4da0e5c9-b05b-4a3c-b65c-f481eb189055,2025-12-09 16:40Z,PIX,47.30,4.30,-43.00
fora_do_export_sem_webhook_ES,60de7b8e-0858-4d0f-a3d8-13db4645bf4d,2025-12-09 22:50Z,PIX,79.20,7.20,-72.00
fora_do_export_sem_webhook_ES,70f2a51f-c1d0-48c9-ab91-c9517a5eb882,2025-12-08 17:39Z,CREDITO,59.40,5.40,-54.00
fora_do_export_sem_webhook_ES,72c3e9ee-857c-4494-8a8e-556c79288787,2025-12-13 20:12Z,PIX,79.20,7.20,-72.00
fora_do_export_sem_webhook_ES,739e8208-f69b-45fa-8386-e2739189a1f4,2025-11-29 15:02Z,CREDITO,59.40,5.40,-54.00
fora_do_export_sem_webhook_ES,7413fdc2-496e-48f9-8526-13e97c89d387,2025-12-22 22:30Z,PIX,19.80,1.80,-18.00
fora_do_export_sem_webhook_ES,81726158-912f-4bda-9aeb-36e4577f152d,2025-12-18 23:29Z,PIX,79.20,7.20,-72.00
fora_do_export_sem_webhook_ES,90861d17-9701-45fa-a3c9-219e33942049,2025-11-28 16:51Z,CREDITO,94.60,8.60,-86.00
fora_do_export_sem_webhook_ES,9855b173-159a-442c-93c7-0236e3bda92e,2025-11-23 03:31Z,CREDITO,118.80,10.80,-108.00
fora_do_export_sem_webhook_ES,b88da809-5e7a-4ad0-b448-98c4bb4fd38f,2025-12-04 15:20Z,CREDITO,138.60,12.60,-126.00
fora_do_export_sem_webhook_ES,bec5b8b6-b8fb-4cf3-9c51-b2ab28618099,2025-11-21 02:22Z,CREDITO,74.80,6.80,-68.00
fora_do_export_sem_webhook_ES,c93e9306-a470-4587-8eae-41611eb12add,2025-11-25 21:02Z,CREDITO,99.00,9.00,-90.00
fora_do_export_sem_webhook_ES,d33167aa-8225-4506-95ad-c0e7d4e072df,2025-11-20 18:04Z,CREDITO,107.25,9.75,-97.50
fora_do_export_sem_webhook_ES,f51b1770-37bc-4dcb-8477-df3e9366cd03,2025-12-25 18:21Z,PIX,19.80,1.80,-18.00
fora_do_export_sem_webhook_ES,ff909fcc-9c9f-4175-bc17-706542e9683c,2025-11-28 18:51Z,CREDITO,79.20,7.20,-72.00
pago_sem_data_confirmacao,01942d85-4ab3-44f1-a11f-0896c42ad0f5,,PIX,118.80,10.80,108.00
pago_sem_data_confirmacao,01ea4fc5-7b3d-4147-9584-a6855584317a,,PIX,79.20,7.20,72.00
pago_sem_data_confirmacao,05822f0c-6711-4f33-8368-61cd7e50539e,,PIX,118.80,10.80,108.00
pago_sem_data_confirmacao,0a89e1b1-66f5-4e29-a576-a9a1c44b6936,,PIX,138.60,12.60,126.00
pago_sem_data_confirmacao,13ab5524-9b87-436a-aaad-a1e3ba08c157,,PIX,158.40,14.40,144.00
pago_sem_data_confirmacao,15c0fdce-8734-48b6-8277-e0ba05d764f8,,PIX,79.20,7.20,72.00
pago_sem_data_confirmacao,1cd49400-29eb-4f9a-ba1e-43cfa2ac0050,,PIX,59.40,5.40,54.00
pago_sem_data_confirmacao,1e560025-5bfc-45e8-91f6-452d69378951,,PIX,118.80,10.80,108.00
pago_sem_data_confirmacao,21437d6b-dd28-4cc4-b391-3985bd4792bd,,PIX,79.20,7.20,72.00
pago_sem_data_confirmacao,2221e03a-afe9-42b2-acd9-7b73a5c09841,,PIX,158.40,14.40,144.00
pago_sem_data_confirmacao,2d8a2f5a-cd18-4180-adf7-74187b8fe0d2,,PIX,198.00,18.00,180.00
pago_sem_data_confirmacao,2e49884b-3e18-4f16-80e9-7e459231cd8f,,PIX,79.20,7.20,72.00
pago_sem_data_confirmacao,2e967c4d-cc0d-4eab-b6db-2d9ff9dfa7bb,,PIX,39.60,3.60,36.00
pago_sem_data_confirmacao,2fe9ae72-25d0-48e6-839a-0a7039ab00e7,,PIX,99.00,9.00,90.00
pago_sem_data_confirmacao,37e789b8-3bb1-4199-bba5-6a687528388c,,PIX,99.00,9.00,90.00
pago_sem_data_confirmacao,387bda57-2022-478a-8428-8a10ede44126,,PIX,138.60,12.60,126.00
pago_sem_data_confirmacao,3a22031a-c8e6-4a3b-a45a-339ab2a0a73a,,PIX,138.60,12.60,126.00
pago_sem_data_confirmacao,3f4180b1-3dbd-4f6e-9c07-0942c4b68da7,,PIX,118.80,10.80,108.00
pago_sem_data_confirmacao,4043c684-add2-4167-b4e6-33f8b2a02828,,PIX,99.00,9.00,90.00
pago_sem_data_confirmacao,448d6c9b-0a0e-4f26-8e0f-08727e1fde84,,PIX,75.35,6.85,68.50
pago_sem_data_confirmacao,45e889f7-5422-44b4-a73d-9fdc62ed5de4,,PIX,99.00,9.00,90.00
pago_sem_data_confirmacao,46957a5d-6739-4ef5-b167-34d723bcc053,,PIX,39.60,3.60,36.00
pago_sem_data_confirmacao,4fcf3cc8-f6fe-4276-8742-41f71204f747,,PIX,178.20,16.20,162.00
pago_sem_data_confirmacao,50b8ed56-4d3a-47ec-bff3-50ab130e591e,,PIX,59.40,5.40,54.00
pago_sem_data_confirmacao,521dd824-0fbd-4a6b-9442-1c6394f72d40,,PIX,99.00,9.00,90.00
pago_sem_data_confirmacao,5756e825-61c8-442f-8967-7d8c8dca8a1e,,PIX,59.40,5.40,54.00
pago_sem_data_confirmacao,5801bdbd-ca21-4fff-8ae1-f49a3678f176,,PIX,79.20,7.20,72.00
pago_sem_data_confirmacao,5b5cc408-ae0b-4a61-a159-c362dfd528d7,,PIX,118.80,10.80,108.00
pago_sem_data_confirmacao,5beace67-c8c9-4c61-9cf7-154668d766d4,,PIX,158.40,14.40,144.00
pago_sem_data_confirmacao,5c22d496-b8a9-45de-96e9-4c209de405bd,,PIX,59.40,5.40,54.00
pago_sem_data_confirmacao,5c3013ce-073a-4e06-b130-0f3550e5986f,,PIX,99.00,9.00,90.00
pago_sem_data_confirmacao,5f3cbf45-583b-4a68-97d9-4585542caf06,,PIX,118.80,10.80,108.00
pago_sem_data_confirmacao,66c54d3a-3a73-4b48-9b68-938a21ee6223,,PIX,79.20,7.20,72.00
pago_sem_data_confirmacao,78922204-b4be-424c-9421-7b672e7809e5,,PIX,99.00,9.00,90.00
pago_sem_data_confirmacao,797d7f0b-5f56-48b2-ad8b-066db1685b2f,,PIX,198.00,18.00,180.00
pago_sem_data_confirmacao,7c176766-9463-4ce6-9e14-da0ba5239b6a,,PIX,79.20,7.20,72.00
pago_sem_data_confirmacao,7ed915f8-bb21-4900-b49b-9c1db0aeae94,,PIX,118.80,10.80,108.00
pago_sem_data_confirmacao,8065a7bd-a626-49f8-8b49-fe1805cc9a46,,PIX,99.00,9.00,90.00
pago_sem_data_confirmacao,81628062-2eb3-44bf-b0ed-68cc53c69a63,,PIX,110.00,10.00,100.00
pago_sem_data_confirmacao,825bad0e-ce67-4ba5-a780-0d6eb4a3ef48,,PIX,138.60,12.60,126.00
pago_sem_data_confirmacao,84c1fe0b-146c-4b9d-ba92-54342ab6c51f,,PIX,59.40,5.40,54.00
pago_sem_data_confirmacao,873843ee-018b-4b47-87f4-faa400ca12f8,,PIX,59.40,5.40,54.00
pago_sem_data_confirmacao,8772bedf-3a95-4776-8b31-eea30c271a1a,,PIX,79.20,7.20,72.00
pago_sem_data_confirmacao,87e9c11b-eda1-4578-9c12-b9f2b7fc0fb8,,PIX,217.80,19.80,198.00
pago_sem_data_confirmacao,8a7655d3-79c9-486a-bff9-91913914f25a,,PIX,19.80,1.80,18.00
pago_sem_data_confirmacao,8df8b18a-c5d7-41cc-ab05-fdc002a79946,,PIX,99.00,9.00,90.00
pago_sem_data_confirmacao,8e4a7129-04d7-441b-98da-8962d83b1312,,PIX,79.20,7.20,72.00
pago_sem_data_confirmacao,8e961be7-4395-43ca-9d05-f6e8649a577d,,PIX,138.60,12.60,126.00
pago_sem_data_confirmacao,9298639b-6586-4b36-a777-bd2401180d4c,,PIX,138.60,12.60,126.00
pago_sem_data_confirmacao,95da3b2c-6691-4cf5-a5eb-9dbc95aa9144,,PIX,99.00,9.00,90.00
pago_sem_data_confirmacao,9788346a-cfc5-4429-b2cf-ed4859a33e51,,PIX,79.20,7.20,72.00
pago_sem_data_confirmacao,9e1896ee-fc5c-4e91-b6d5-4c1f84804611,,PIX,79.20,7.20,72.00
pago_sem_data_confirmacao,9f50e8eb-8174-4f9d-95c3-bb92421b7172,,PIX,99.00,9.00,90.00
pago_sem_data_confirmacao,a037c4ad-9d90-4cc5-9246-45ff113026c4,,PIX,217.80,19.80,198.00
pago_sem_data_confirmacao,a15a4d87-4efe-464a-8a8f-0196bae8d5a7,,PIX,59.40,5.40,54.00
pago_sem_data_confirmacao,a495a9f5-2cc7-4308-9849-d665f855cad1,,PIX,39.60,3.60,36.00
pago_sem_data_confirmacao,a5364bf7-eeb8-4cc6-b291-02efcf78749d,,PIX,99.00,9.00,90.00
pago_sem_data_confirmacao,a931e570-8609-4d2d-89bc-94e6864a25c5,,PIX,99.00,9.00,90.00
pago_sem_data_confirmacao,b719cade-1773-4969-b18f-967a59314dec,,PIX,99.00,9.00,90.00
pago_sem_data_confirmacao,bcb70f86-fb28-420c-ad4d-9ca0eeaae4db,,PIX,79.20,7.20,72.00
pago_sem_data_confirmacao,bdb3854e-8305-4ab7-bcd2-f6856bbffb97,,PIX,118.80,10.80,108.00
pago_sem_data_confirmacao,bde12746-60cc-431e-8660-4bad2f22151b,,PIX,138.60,12.60,126.00
pago_sem_data_confirmacao,bf28484a-4edb-4fb5-b86c-b357ff12369c,,PIX,158.40,14.40,144.00
pago_sem_data_confirmacao,c211b6c4-0332-49ec-8e7f-74f0cfe7a1bd,,PIX,47.30,4.30,43.00
pago_sem_data_confirmacao,c2666d75-4154-454a-bcb1-c4b6c0be8e12,,PIX,79.20,7.20,72.00
pago_sem_data_confirmacao,cbfc2664-3e9c-4c1c-ba83-af46b0c42295,,PIX,158.40,14.40,144.00
pago_sem_data_confirmacao,ccf92cbe-7343-49a6-bb1f-4e5e4b5fd34b,,PIX,138.60,12.60,126.00
pago_sem_data_confirmacao,cd2b6dfc-5c33-4ac4-9895-0304eba64d05,,PIX,138.60,12.60,126.00
pago_sem_data_confirmacao,cdbd3490-bb0a-4a4a-958e-16a5ccdea322,,PIX,118.80,10.80,108.00
pago_sem_data_confirmacao,d19f0bac-af17-4a0d-b147-b7b36da512d0,,PIX,79.20,7.20,72.00
pago_sem_data_confirmacao,d53ca773-f773-4464-872c-2d7c0e010500,,PIX,39.60,3.60,36.00
pago_sem_data_confirmacao,d85b7af1-67fb-475e-9963-121ecf0113b1,,PIX,55.00,5.00,50.00
pago_sem_data_confirmacao,db9c1cb9-afec-413c-863c-98ac36e63692,,PIX,39.60,3.60,36.00
pago_sem_data_confirmacao,dbb66a1a-72e1-4f1a-8ee1-355935bb83eb,,PIX,118.80,10.80,108.00
pago_sem_data_confirmacao,dd1b209c-8716-450d-b64b-5d4695347bed,,PIX,79.20,7.20,72.00
pago_sem_data_confirmacao,deda5dac-c15f-46bb-bbb7-d6a8207b61dc,,PIX,118.80,10.80,108.00
pago_sem_data_confirmacao,defafe4c-4e88-4380-a0ab-6ad519a4620b,,PIX,79.20,7.20,72.00
pago_sem_data_confirmacao,e577d16a-5478-4890-8488-5fe3291071fa,,PIX,59.40,5.40,54.00
pago_sem_data_confirmacao,e6611252-c787-48f9-8f20-3935cc6b21d9,,PIX,99.00,9.00,90.00
pago_sem_data_confirmacao,eb810a9f-56a5-4790-8a67-5b915f7453d1,,PIX,55.00,5.00,50.00
pago_sem_data_confirmacao,feb2d16e-c95a-45d4-94fd-9158cbdee3f4,,PIX,118.80,10.80,108.00
taxa_corrigida_pela_zet,11348743-817a-4122-90e8-83306b156208,"22/10/2025, 09:55",CREDITO,67.10,6.10,0.00
taxa_corrigida_pela_zet,1bf61e84-1233-4acb-a528-823e63b674aa,"22/10/2025, 11:14",PIX,79.20,7.20,0.00
venda_maquina_zet,00005172-a1b8-4da6-a22e-3a6c26068c59,2025-12-26 18:26,PIX_MAQUINA,99.00,9.00,90.00
venda_maquina_zet,00629cfb-0bea-4b1d-8187-e2771521316c,2025-12-15 19:11,CREDITO_MAQUINA,79.20,7.20,72.00
venda_maquina_zet,00ad76b0-8621-42f7-93ca-257350961148,2025-12-04 22:09,CREDITO_MAQUINA,39.60,3.60,36.00
venda_maquina_zet,00d375a4-46fc-433e-bce7-424e955b0b02,2025-12-06 20:05,CREDITO_MAQUINA,79.20,7.20,72.00
venda_maquina_zet,00d6cc46-7bb0-4fa8-bc5e-b3fe7552d7a9,2025-12-24 19:18,CREDITO_MAQUINA,59.40,5.40,54.00
venda_maquina_zet,00eba512-745a-436a-a650-5ef28d2dc515,2025-12-21 18:58,DEBITO_MAQUINA,19.80,1.80,18.00
venda_maquina_zet,0100961c-44ed-47cd-841a-cafa82d9839f,2025-12-02 19:34,PIX_MAQUINA,39.60,3.60,36.00
venda_maquina_zet,0168f910-82fd-494b-ae07-c3b8babc2143,2025-12-19 22:04,DEBITO_MAQUINA,39.60,3.60,36.00
venda_maquina_zet,019e1d11-215b-4ee6-8028-60defce65969,2025-12-02 20:18,CREDITO_MAQUINA,19.80,1.80,18.00
venda_maquina_zet,01a66b59-0358-4418-9de8-b223ede9de52,2025-11-28 19:30,CREDITO_MAQUINA,39.60,3.60,36.00
venda_maquina_zet,01b45670-ae52-4ff7-a60a-18be70bbb043,2025-12-07 21:07,DEBITO_MAQUINA,79.20,7.20,72.00
venda_maquina_zet,01c1be56-a6f4-4eac-b1f3-a04e1c6914a9,2025-12-21 19:01,CREDITO_MAQUINA,79.20,7.20,72.00
venda_maquina_zet,01df3e98-409b-41f9-826e-b4118382900f,2025-12-18 22:03,DEBITO_MAQUINA,59.40,5.40,54.00
venda_maquina_zet,01efa7a1-ffca-4616-9cd4-3128d6a41db0,2025-12-05 19:12,PIX_MAQUINA,19.80,1.80,18.00
venda_maquina_zet,020d6f64-445e-4a06-ba3f-6884f5847535,2025-12-25 19:11,CREDITO_MAQUINA,99.00,9.00,90.00
venda_maquina_zet,021331f8-df36-4ec7-b61a-dd2740192211,2025-11-28 22:46,CREDITO_MAQUINA,79.20,7.20,72.00
venda_maquina_zet,0230b4da-8985-4d79-b4b0-3390fa6cca22,2025-11-21 18:39,CREDITO_MAQUINA,74.80,6.80,68.00
venda_maquina_zet,025acb87-dda9-4b36-a7e6-44f83ba42da3,2025-12-16 20:36,PIX_MAQUINA,79.20,7.20,72.00
venda_maquina_zet,02637889-768c-4ad5-81f3-8dac0799fc7d,2025-12-25 19:12,CREDITO_MAQUINA,138.60,12.60,126.00
venda_maquina_zet,028955e6-a96e-4437-bb05-6d4c02fdd408,2025-12-18 21:26,DEBITO_MAQUINA,19.80,1.80,18.00
venda_maquina_zet,028b84c4-a008-45e4-9017-714114beb6d1,2025-12-28 21:18,CREDITO_MAQUINA,19.80,1.80,18.00
venda_maquina_zet,02b03018-eedb-4fe8-bc57-9ce1de58fc4f,2025-12-15 19:52,CREDITO_MAQUINA,19.80,1.80,18.00
venda_maquina_zet,02b7fdda-6841-4076-9855-38e43fe33997,2025-12-21 19:08,CREDITO_MAQUINA,19.80,1.80,18.00
venda_maquina_zet,02e18ca8-59e2-4a1f-a686-0537613c8c2f,2025-12-17 22:04,PIX_MAQUINA,118.80,10.80,108.00
venda_maquina_zet,03216189-0f4f-43f6-994c-ac5092eeea21,2025-12-13 19:04,CREDITO_MAQUINA,99.00,9.00,90.00
venda_maquina_zet,032fdec4-1018-4cf9-8604-a5d616cdf483,2025-12-23 20:45,DEBITO_MAQUINA,39.60,3.60,36.00
venda_maquina_zet,0349f3e7-a84e-4525-9ed5-0d7669abb09f,2025-12-18 22:06,CREDITO_MAQUINA,79.20,7.20,72.00
venda_maquina_zet,035e573f-3ecb-4532-9c8e-b51bc80c25e6,2025-12-20 18:52,DEBITO_MAQUINA,79.20,7.20,72.00
venda_maquina_zet,039e385b-6934-4910-bf67-cace5d21d709,2025-11-30 19:22,PIX_MAQUINA,99.00,9.00,90.00
venda_maquina_zet,0443e100-5351-4d86-8729-bdcc97a026f1,2025-11-20 18:46,DEBITO_MAQUINA,217.80,19.80,198.00
venda_maquina_zet,045da877-84d9-4ed7-bc36-a376f6c5b256,2025-12-20 19:24,DEBITO_MAQUINA,118.80,10.80,108.00
venda_maquina_zet,046b5fb2-1f03-4f6a-84de-f213e594b098,2025-12-03 19:15,DEBITO_MAQUINA,19.80,1.80,18.00
venda_maquina_zet,04beaa3d-0d9b-4995-b052-9c28d745df3b,2025-11-20 20:44,PIX_MAQUINA,59.40,5.40,54.00
venda_maquina_zet,05182b13-913b-4f77-9d6f-820274490b72,2025-11-15 21:27,CREDITO_MAQUINA,39.60,3.60,36.00
venda_maquina_zet,0583d56a-d1e4-48bd-850f-41e875d62dac,2025-12-03 20:35,CREDITO_MAQUINA,39.60,3.60,36.00
venda_maquina_zet,05a18fc3-3451-44ad-8b85-9d901ac97e24,2025-12-22 18:51,CREDITO_MAQUINA,79.20,7.20,72.00
venda_maquina_zet,05d6011b-5483-4f43-9f2d-68ca846ac30a,2025-11-27 19:14,DEBITO_MAQUINA,39.60,3.60,36.00
venda_maquina_zet,05fe0eac-0ae7-4ccb-aeca-c32abc9fb3a4,2025-12-11 22:32,DEBITO_MAQUINA,79.20,7.20,72.00
venda_maquina_zet,061040de-772d-474a-97c4-0261d5f7a927,2025-11-21 20:23,DEBITO_MAQUINA,19.80,1.80,18.00
venda_maquina_zet,0658f5ed-d1fc-4626-b047-eef7f380fdc1,2025-12-22 19:20,PIX_MAQUINA,59.40,5.40,54.00
venda_maquina_zet,0676fd52-b338-4250-967a-9d3d2a508865,2025-11-16 20:12,PIX_MAQUINA,39.60,3.60,36.00
venda_maquina_zet,06998291-7a69-450b-b60a-929314d21735,2025-12-22 21:28,DEBITO_MAQUINA,79.20,7.20,72.00
venda_maquina_zet,069f3e23-45d1-429d-8c94-051a4042289f,2025-11-29 19:34,DEBITO_MAQUINA,99.00,9.00,90.00
venda_maquina_zet,06d0f56f-2d80-4e2f-a4d7-798b054b399c,2025-12-18 22:04,DEBITO_MAQUINA,39.60,3.60,36.00
venda_maquina_zet,06d33eff-0eb2-4e58-ae66-12c756e9ce2a,2025-12-26 20:17,DEBITO_MAQUINA,19.80,1.80,18.00
venda_maquina_zet,06df8e45-6931-4dc3-8c42-a16b018fed36,2025-12-24 19:17,CREDITO_MAQUINA,59.40,5.40,54.00
venda_maquina_zet,070310bc-7694-450b-8b74-0532f4e64577,2025-11-22 18:35,PIX_MAQUINA,39.60,3.60,36.00
venda_maquina_zet,07149908-46aa-4300-9a83-25deddf8a287,2025-12-05 20:57,DEBITO_MAQUINA,79.20,7.20,72.00
venda_maquina_zet,071512a1-1ef3-4fda-a9ef-8a3e6b6adfe6,2025-12-21 18:33,CREDITO_MAQUINA,79.20,7.20,72.00
venda_maquina_zet,07342669-b8fd-4d5f-9682-e208d4f2eb9b,2025-12-15 20:35,CREDITO_MAQUINA,19.80,1.80,18.00
venda_maquina_zet,073d0fa2-200b-47ac-a817-b4f66a6c532d,2025-12-18 18:52,DEBITO_MAQUINA,19.80,1.80,18.00
venda_maquina_zet,078dd64c-9df8-404b-b3da-a968f08bbb3a,2025-12-21 20:11,CREDITO_MAQUINA,118.80,10.80,108.00
venda_maquina_zet,0825e5c3-f0fe-4eb3-934e-8c4f80e29c7c,2025-12-07 18:33,DEBITO_MAQUINA,118.80,10.80,108.00
venda_maquina_zet,0852fa7d-deca-4401-b081-781fb594941f,2025-12-23 19:19,CREDITO_MAQUINA,19.80,1.80,18.00
venda_maquina_zet,08c641e6-8dcf-430f-80c4-7411326fda82,2025-12-30 21:04,PIX_MAQUINA,19.80,1.80,18.00
venda_maquina_zet,08c6985b-2d84-4c63-ace5-37043d05767e,2025-12-15 19:05,DEBITO_MAQUINA,79.20,7.20,72.00
venda_maquina_zet,091741a1-46f1-40e9-acbc-b96f5769fb21,2025-12-21 18:31,DEBITO_MAQUINA,79.20,7.20,72.00
venda_maquina_zet,0985c0a1-c7be-45aa-b7bc-ef962120b06d,2025-12-07 20:54,CREDITO_MAQUINA,39.60,3.60,36.00
venda_maquina_zet,09b69690-be36-4547-84d1-dc24fb8e179d,2025-12-14 19:53,CREDITO_MAQUINA,19.80,1.80,18.00
venda_maquina_zet,09e85d99-fa2b-45c9-b090-8d2417ccea06,2025-11-27 18:38,PIX_MAQUINA,59.40,5.40,54.00
venda_maquina_zet,0a15a72c-847e-4d1f-9a92-268ef73b84d5,2025-11-29 20:57,CREDITO_MAQUINA,19.80,1.80,18.00
venda_maquina_zet,0a617113-a702-4671-a1f2-07befd8e96ad,2025-12-02 19:32,DEBITO_MAQUINA,19.80,1.80,18.00
venda_maquina_zet,0b028d05-ae3a-42c1-8b1a-bc656de830d9,2025-11-20 20:26,CREDITO_MAQUINA,39.60,3.60,36.00
venda_maquina_zet,0be40a81-3de7-4f61-aa50-7dbe45da75cc,2025-12-27 18:34,DEBITO_MAQUINA,19.80,1.80,18.00
venda_maquina_zet,0bfb6233-5bdb-4e95-bbb0-0ac92b323dcb,2025-12-25 18:26,DEBITO_MAQUINA,19.80,1.80,18.00
venda_maquina_zet,0cd20f29-1091-4b94-9ca4-d18e8fdf68f2,2025-12-11 21:12,PIX_MAQUINA,19.80,1.80,18.00
venda_maquina_zet,0cdc1bd3-6706-4a15-b41f-1c7a26d19395,2025-11-22 21:07,DEBITO_MAQUINA,39.60,3.60,36.00
venda_maquina_zet,0cf3463c-7d28-410b-bf41-0b6928c11f99,2025-11-23 20:19,DEBITO_MAQUINA,19.80,1.80,18.00
venda_maquina_zet,0d699f61-0934-4a96-88a3-860a1569af13,2025-12-07 20:06,PIX_MAQUINA,99.00,9.00,90.00
venda_maquina_zet,0d8d76ee-78de-4444-a6d0-eb5a531a1855,2025-12-13 20:12,DEBITO_MAQUINA,118.80,10.80,108.00
venda_maquina_zet,0e195419-770f-46d5-a67d-0ef27af2a7bb,2025-12-21 19:01,DEBITO_MAQUINA,19.80,1.80,18.00
venda_maquina_zet,0e2d2872-f6f5-4ece-b918-14371cc839b9,2025-12-04 19:42,CREDITO_MAQUINA,59.40,5.40,54.00
venda_maquina_zet,0e5b2ecb-4772-4fcc-bc88-3a05a4fe4a95,2025-12-06 19:59,DEBITO_MAQUINA,19.80,1.80,18.00
venda_maquina_zet,0ed73ab9-281b-4ca7-a5a5-b967beef0c12,2025-12-01 22:10,DEBITO_MAQUINA,59.40,5.40,54.00
venda_maquina_zet,0f113e5a-a4a0-4966-8dc9-4082c13a43d2,2025-12-13 18:57,PIX_MAQUINA,59.40,5.40,54.00
venda_maquina_zet,0f29addd-fbef-4b64-bb9e-d43880b685de,2025-11-16 19:39,CREDITO_MAQUINA,99.00,9.00,90.00
venda_maquina_zet,100d75f0-7dd0-4cbc-bc34-a6aa00f6b624,2025-12-26 19:11,PIX_MAQUINA,59.40,5.40,54.00
venda_maquina_zet,10456951-cf24-4372-b7aa-89e6790bfcad,2025-12-21 18:08,DEBITO_MAQUINA,19.80,1.80,18.00
venda_maquina_zet,10b0de36-17a6-4c45-abcb-946f6e6f4259,2025-12-18 20:51,CREDITO_MAQUINA,59.40,5.40,54.00
venda_maquina_zet,1127c4c1-80f6-4498-a5af-4251400d1e0c,2025-12-28 18:50,DEBITO_MAQUINA,39.60,3.60,36.00
venda_maquina_zet,115f24cf-b3f6-4687-a037-045de1fc4959,2025-12-11 19:04,CREDITO_MAQUINA,19.80,1.80,18.00
venda_maquina_zet,11f30828-3047-47cb-991e-8468f4052cfe,2025-11-22 18:54,CREDITO_MAQUINA,99.00,9.00,90.00
venda_maquina_zet,1212d7b8-289e-46e2-89ce-c06524482850,2025-12-17 18:57,DEBITO_MAQUINA,59.40,5.40,54.00
venda_maquina_zet,12ed2f61-cba4-4501-b3b9-4c7deeaadf8b,2025-12-19 19:51,DEBITO_MAQUINA,39.60,3.60,36.00
venda_maquina_zet,133b131d-95a6-4f05-933d-abc6a3e3c337,2025-11-21 22:09,PIX_MAQUINA,19.80,1.80,18.00
venda_maquina_zet,136250e5-9c52-4fda-babb-fabbb1ebb97a,2025-12-06 19:55,DEBITO_MAQUINA,39.60,3.60,36.00
venda_maquina_zet,136414ca-3138-46cc-b5ac-463ed66caa5d,2025-12-13 20:49,DEBITO_MAQUINA,118.80,10.80,108.00
venda_maquina_zet,1366c49e-88e2-4a43-af9a-e16ab729e53c,2025-12-04 18:39,CREDITO_MAQUINA,59.40,5.40,54.00
venda_maquina_zet,13820dc7-2c93-4d13-a31b-6133464614f4,2025-12-15 22:09,PIX_MAQUINA,59.40,5.40,54.00
venda_maquina_zet,13feed77-7aec-4f3f-8ec3-4391d66c58fa,2025-11-21 19:43,DEBITO_MAQUINA,19.80,1.80,18.00
venda_maquina_zet,140a950b-7d9c-4d2d-852f-43b6cab182eb,2025-12-07 18:51,PIX_MAQUINA,19.80,1.80,18.00
venda_maquina_zet,145aa825-cd74-439f-aba6-27529ff9d593,2025-12-02 20:40,CREDITO_MAQUINA,19.80,1.80,18.00
venda_maquina_zet,1472880c-ba66-4a22-a061-6e473c81d1cb,2025-12-20 18:39,CREDITO_MAQUINA,39.60,3.60,36.00
venda_maquina_zet,147e3c23-b6fe-439c-99a9-dd03ed37c34e,2025-12-13 22:47,CREDITO_MAQUINA,79.20,7.20,72.00
venda_maquina_zet,14ca9d67-2db3-4477-ad7c-79ebd24611a9,2025-11-20 18:50,PIX_MAQUINA,55.00,5.00,50.00
venda_maquina_zet,15194261-ebe6-4694-802b-16d43dffd6db,2025-11-16 21:13,DEBITO_MAQUINA,27.50,2.50,25.00
venda_maquina_zet,158a7a52-34e5-4acd-9540-aca10e32901d,2025-12-05 19:35,DEBITO_MAQUINA,59.40,5.40,54.00
venda_maquina_zet,15f4da92-07ce-4c7e-a495-f078f4698bc6,2025-11-20 19:09,PIX_MAQUINA,59.40,5.40,54.00
venda_maquina_zet,1605e387-17e3-453f-ad7b-b4adf72f49db,2025-12-22 20:12,PIX_MAQUINA,59.40,5.40,54.00
venda_maquina_zet,16284bc8-2720-4ac0-9204-50833f860d56,2025-11-29 20:29,PIX_MAQUINA,19.80,1.80,18.00
venda_maquina_zet,166015e0-f39c-4f25-be3b-50d20b138c6d,2025-11-16 18:39,DEBITO_MAQUINA,39.60,3.60,36.00
venda_maquina_zet,167cfc45-c81b-4469-9cec-e4708627b939,2025-12-16 20:14,DEBITO_MAQUINA,19.80,1.80,18.00
venda_maquina_zet,16ad86b0-2b63-4b66-87d9-8c17bf4be1bc,2025-12-05 19:29,DEBITO_MAQUINA,79.20,7.20,72.00
venda_maquina_zet,1789f8c1-95c3-4d04-8f3a-d8d23292b3d5,2025-12-08 20:10,CREDITO_MAQUINA,39.60,3.60,36.00
venda_maquina_zet,178bea81-e38d-4713-9990-afabdd38d719,2025-12-06 20:31,PIX_MAQUINA,39.60,3.60,36.00
venda_maquina_zet,17c28a56-7fd4-4207-898d-bae2d42c2437,2025-12-13 19:29,PIX_MAQUINA,19.80,1.80,18.00
venda_maquina_zet,17ce76af-67f1-4881-aa49-0cd44742d7e0,2025-11-22 18:49,CREDITO_MAQUINA,118.80,10.80,108.00
venda_maquina_zet,17f581e0-ae71-45cc-9f54-d638294a589c,2025-12-18 21:24,DEBITO_MAQUINA,19.80,1.80,18.00
venda_maquina_zet,17f91de9-6c2a-4e25-89f4-dacfb9405e4f,2025-11-28 21:28,CREDITO_MAQUINA,19.80,1.80,18.00
venda_maquina_zet,181bf3f3-ffb0-4a79-80af-f59fb7fed3a9,2025-12-30 21:05,DEBITO_MAQUINA,19.80,1.80,18.00
venda_maquina_zet,183eeb4e-7ed1-43ed-a439-f352874a9f77,2025-12-18 18:56,CREDITO_MAQUINA,79.20,7.20,72.00
venda_maquina_zet,1879bd16-55da-4b0b-bd94-2bd089ddfdc5,2025-12-15 20:41,CREDITO_MAQUINA,19.80,1.80,18.00
venda_maquina_zet,18f1593f-c00a-4ac3-b8de-d7fcc3b6bbfd,2025-12-14 21:33,DEBITO_MAQUINA,39.60,3.60,36.00
venda_maquina_zet,190844d7-480a-43a2-b3b8-dd79d1175e43,2025-12-24 19:07,PIX_MAQUINA,118.80,10.80,108.00
venda_maquina_zet,19b1b965-a64b-4694-81eb-b3b31de3bd74,2025-12-06 18:39,DEBITO_MAQUINA,99.00,9.00,90.00
venda_maquina_zet,1a013be9-8dff-45b2-b507-57cb80640663,2025-11-21 19:50,CREDITO_MAQUINA,79.20,7.20,72.00
venda_maquina_zet,1a244667-5bd1-40ce-96fd-bbb430e76776,2025-12-07 21:03,CREDITO_MAQUINA,138.60,12.60,126.00
venda_maquina_zet,1a252d4e-1c0f-4c41-9ce0-706772d74a45,2025-12-05 20:50,DEBITO_MAQUINA,19.80,1.80,18.00
venda_maquina_zet,1a5f4d3f-bf41-4043-9214-4d4c5c24fac2,2025-12-30 19:22,PIX_MAQUINA,99.00,9.00,90.00
venda_maquina_zet,1a608a23-6443-4cef-ad8a-25df249c77af,2025-12-03 19:10,CREDITO_MAQUINA,19.80,1.80,18.00
venda_maquina_zet,1aad9831-99fb-439b-9874-37e2e895a75c,2025-12-21 18:58,DEBITO_MAQUINA,99.00,9.00,90.00
venda_maquina_zet,1aea713a-c3f4-43a0-81fc-2701ce1e18dd,2025-12-13 21:07,DEBITO_MAQUINA,59.40,5.40,54.00
venda_maquina_zet,1b25f9a3-0f3b-4c85-a547-7f5852702201,2025-12-08 20:12,DEBITO_MAQUINA,19.80,1.80,18.00
venda_maquina_zet,1b56b456-088e-4347-9265-4c59fb66ce50,2025-12-09 19:05,PIX_MAQUINA,19.80,1.80,18.00
venda_maquina_zet,1b90dc01-424b-4281-9694-c5aef86b0810,2025-11-25 21:56,PIX_MAQUINA,19.80,1.80,18.00
venda_maquina_zet,1bde26fa-bffa-4b56-aa3f-c4de512de807,2025-11-25 19:04,DEBITO_MAQUINA,19.80,1.80,18.00
venda_maquina_zet,1c17d889-321f-45e8-9ee4-44f38a6c8ca9,2025-11-18 20:32,PIX_MAQUINA,39.60,3.60,36.00
venda_maquina_zet,1c796692-163b-4f49-9914-e04facc22780,2025-11-29 21:10,DEBITO_MAQUINA,19.80,1.80,18.00
venda_maquina_zet,1c7cbd4c-b866-4911-b933-391a96f6817d,2025-12-20 18:52,CREDITO_MAQUINA,39.60,3.60,36.00
venda_maquina_zet,1d671443-99d0-4c3f-85eb-fc9e46075c6e,2025-12-28 18:57,CREDITO_MAQUINA,79.20,7.20,72.00
venda_maquina_zet,1df0e699-88e7-4dae-aa9b-312147026a6f,2025-12-07 20:57,DEBITO_MAQUINA,118.80,10.80,108.00
venda_maquina_zet,1dfd7e86-b8a2-461f-ab00-30ccb5829d00,2025-12-26 18:14,DEBITO_MAQUINA,79.20,7.20,72.00
venda_maquina_zet,1e0cad2f-507a-45ec-bcae-a1f134f2f5d9,2025-11-30 20:22,CREDITO_MAQUINA,19.80,1.80,18.00
venda_maquina_zet,1e3d6c89-0523-4b63-8adc-74554789be9c,2025-12-14 18:56,PIX_MAQUINA,79.20,7.20,72.00
venda_maquina_zet,1e828a5d-9b57-42ee-9c20-c4fb840890f0,2025-12-25 19:49,DEBITO_MAQUINA,19.80,1.80,18.00
venda_maquina_zet,1e8dc829-8f13-4702-8d75-9f8090220a63,2025-12-25 19:19,CREDITO_MAQUINA,19.80,1.80,18.00
venda_maquina_zet,1eaf7170-7620-43cc-bcbc-54d3deb4bf6c,2025-11-30 19:59,DEBITO_MAQUINA,19.80,1.80,18.00
venda_maquina_zet,1edbf3c9-54a9-4ba1-96e3-5802565fc425,2025-12-27 19:06,CREDITO_MAQUINA,99.00,9.00,90.00
venda_maquina_zet,1f1a66d6-ab51-4231-9c49-a30a141ed027,2025-11-20 20:19,CREDITO_MAQUINA,79.20,7.20,72.00
venda_maquina_zet,1f29fd5c-efbf-4a13-a6b6-3e3f5d9d6cab,2025-12-25 18:50,DEBITO_MAQUINA,19.80,1.80,18.00
venda_maquina_zet,1f366bb5-05e7-4269-806a-4a113cc06479,2025-12-26 18:41,DEBITO_MAQUINA,19.80,1.80,18.00
venda_maquina_zet,1f59d64e-652e-4267-aaa9-eb49eb14e477,2025-12-26 18:50,CREDITO_MAQUINA,99.00,9.00,90.00
venda_maquina_zet,1f964b0e-19de-416d-9f8c-32eddede76c8,2025-12-11 18:59,PIX_MAQUINA,59.40,5.40,54.00
venda_maquina_zet,1fac070d-c46d-4530-90f0-c3faf6296949,2025-11-21 18:23,DEBITO_MAQUINA,39.60,3.60,36.00
venda_maquina_zet,1fc4d55d-dbe1-4138-b32e-600812dedc59,2025-11-19 19:03,CREDITO_MAQUINA,79.20,7.20,72.00
venda_maquina_zet,20a2ca80-40c4-48dc-90d0-4c55ddb4feed,2025-12-25 18:41,DEBITO_MAQUINA,138.60,12.60,126.00
venda_maquina_zet,20c13ab1-1d0c-4ed9-8aea-e25dc75dddc7,2025-11-19 18:59,DEBITO_MAQUINA,74.80,6.80,68.00
venda_maquina_zet,20cc4a51-a938-4e1e-8333-2bdcb23e1d64,2025-11-25 22:24,DEBITO_MAQUINA,277.20,25.20,252.00
venda_maquina_zet,20ce9098-ac34-4969-a9fc-75306a02b25b,2025-11-16 20:31,DEBITO_MAQUINA,19.80,1.80,18.00
venda_maquina_zet,20dfd4b0-24b8-4859-8a4b-a7f3d20f4ca0,2025-12-04 22:19,PIX_MAQUINA,118.80,10.80,108.00
venda_maquina_zet,210993fd-9257-44cd-bda7-86bd966d9c14,2025-12-27 18:15,CREDITO_MAQUINA,118.80,10.80,108.00
venda_maquina_zet,21127b97-20a9-4e8c-8e28-6f1389509d2b,2025-12-19 20:44,DEBITO_MAQUINA,19.80,1.80,18.00
venda_maquina_zet,212b8c69-3904-40eb-a0c5-dbfd047e627b,2025-12-25 19:03,DEBITO_MAQUINA,99.00,9.00,90.00
venda_maquina_zet,2176e9bd-7707-482a-ba8d-753ff9902546,2025-12-20 18:45,PIX_MAQUINA,79.20,7.20,72.00
venda_maquina_zet,21b2ab00-a7e6-4146-9318-7d4df16ce68f,2025-12-06 18:39,DEBITO_MAQUINA,79.20,7.20,72.00
venda_maquina_zet,21b52122-2f49-4c71-825a-e9fcb617d73b,2025-12-15 19:58,PIX_MAQUINA,19.80,1.80,18.00
venda_maquina_zet,21be337a-bc39-403b-bede-d30dc1f15ffe,2025-11-26 20:01,CREDITO_MAQUINA,19.80,1.80,18.00
venda_maquina_zet,21f4d274-484f-4238-9375-94061876e697,2025-12-13 20:05,DEBITO_MAQUINA,39.60,3.60,36.00
venda_maquina_zet,220a2a43-f870-4ce7-8da4-847982a51319,2025-12-06 20:50,DEBITO_MAQUINA,79.20,7.20,72.00
venda_maquina_zet,223467f3-ee36-4187-9fd5-e5856bb106ef,2025-12-08 19:23,PIX_MAQUINA,79.20,7.20,72.00
venda_maquina_zet,224755f4-2b27-4bc0-8bb8-f7cf486877ae,2025-12-06 18:44,CREDITO_MAQUINA,99.00,9.00,90.00
venda_maquina_zet,225a31fc-d354-46a6-8ae1-9eb39b796874,2025-11-29 19:26,CREDITO_MAQUINA,99.00,9.00,90.00
venda_maquina_zet,226d8ffa-ad34-4ed6-9558-ef841a7629b5,2025-12-15 20:21,DEBITO_MAQUINA,59.40,5.40,54.00
venda_maquina_zet,22929237-2dad-4874-9035-0cc91f7eecaf,2025-12-04 20:35,DEBITO_MAQUINA,19.80,1.80,18.00
venda_maquina_zet,2307742b-b474-472d-9419-4d007dfaf44b,2025-11-29 22:54,DEBITO_MAQUINA,59.40,5.40,54.00
venda_maquina_zet,23148b8c-3ea4-4ffe-9b56-444270df0784,2025-12-26 19:14,PIX_MAQUINA,59.40,5.40,54.00
venda_maquina_zet,2378b41f-b7b7-4783-8746-5bb3026ad702,2025-12-28 18:58,PIX_MAQUINA,39.60,3.60,36.00
venda_maquina_zet,23bb7e1e-ca7a-4597-b3db-91d1d7a9a971,2025-11-30 20:05,CREDITO_MAQUINA,19.80,1.80,18.00
venda_maquina_zet,23bc1cab-ff39-48c3-861e-51094a9b7a85,2025-12-17 20:43,CREDITO_MAQUINA,118.80,10.80,108.00
venda_maquina_zet,23d91615-435e-430f-a488-bafe4c3d5cdb,2025-12-10 22:15,PIX_MAQUINA,79.20,7.20,72.00
venda_maquina_zet,240e78ea-8702-43a1-8dd8-1e2fcffa2398,2025-11-22 19:03,CREDITO_MAQUINA,99.00,9.00,90.00
venda_maquina_zet,2415d4b6-ac45-4270-91ef-1a15de0dabb3,2025-12-02 19:59,PIX_MAQUINA,19.80,1.80,18.00
venda_maquina_zet,241bc3e5-1eec-490b-a37f-c7c58e761288,2025-12-22 18:49,DEBITO_MAQUINA,39.60,3.60,36.00
venda_maquina_zet,242a4394-def6-4ffa-af7b-7bcec5f4f954,2025-12-07 20:51,CREDITO_MAQUINA,118.80,10.80,108.00
venda_maquina_zet,2453f352-efa2-4801-a990-5ac7c572de15,2025-12-02 19:31,DEBITO_MAQUINA,39.60,3.60,36.00
venda_maquina_zet,246b7734-6031-4ced-8316-afba6ee9011c,2025-12-20 18:08,DEBITO_MAQUINA,118.80,10.80,108.00
venda_maquina_zet,247859de-ccc6-49e6-b37d-768ef20033bb,2025-12-29 20:15,DEBITO_MAQUINA,19.80,1.80,18.00
venda_maquina_zet,24cbb6e9-f3f7-430e-8ee4-9b341ef08ba3,2025-12-21 17:51,DEBITO_MAQUINA,39.60,3.60,36.00
venda_maquina_zet,24efe690-3310-4d17-9b5a-05316d6b2f1e,2025-12-06 20:14,PIX_MAQUINA,39.60,3.60,36.00
venda_maquina_zet,2570c4cb-fd9d-453e-bbdc-85d25a23fcb0,2025-12-20 19:28,DEBITO_MAQUINA,19.80,1.80,18.00
venda_maquina_zet,25b349c1-b72e-4020-8040-d0a312b6deb9,2025-12-24 18:57,DEBITO_MAQUINA,19.80,1.80,18.00
venda_maquina_zet,25f7dc11-7494-4595-9676-c309b1377e24,2025-12-08 19:07,PIX_MAQUINA,138.60,12.60,126.00
venda_maquina_zet,2625bd60-8561-4e06-850f-5c6b029e4623,2025-11-21 19:45,CREDITO_MAQUINA,99.00,9.00,90.00
venda_maquina_zet,26268c1a-8eda-41e2-8b6d-a22fa4289ffc,2025-11-29 20:51,DEBITO_MAQUINA,39.60,3.60,36.00
venda_maquina_zet,264f3048-9ae3-4f05-85c9-4a30a2346343,2025-12-17 20:47,DEBITO_MAQUINA,19.80,1.80,18.00
venda_maquina_zet,26710208-2610-4007-bf16-0f0a9925ab53,2025-12-30 19:57,DEBITO_MAQUINA,19.80,1.80,18.00
venda_maquina_zet,2677091f-cdbe-431c-89b6-8f04668b9be4,2025-12-04 20:17,DEBITO_MAQUINA,39.60,3.60,36.00
venda_maquina_zet,26953d38-5f5a-4420-9f79-571befc60eec,2025-12-06 18:21,DEBITO_MAQUINA,55.00,5.00,50.00
venda_maquina_zet,26eecec8-d912-45f5-814c-ec3486747319,2025-12-10 18:47,CREDITO_MAQUINA,79.20,7.20,72.00
venda_maquina_zet,274fbf9f-88f0-4739-b1aa-bb261f51ca55,2025-12-06 18:31,DEBITO_MAQUINA,39.60,3.60,36.00
venda_maquina_zet,27cfedc2-4c2e-441c-b41d-bc865d4bb6c9,2025-12-13 18:39,PIX_MAQUINA,99.00,9.00,90.00
venda_maquina_zet,27d20996-2161-45dd-a88e-3660866ce8b9,2025-12-22 21:57,CREDITO_MAQUINA,79.20,7.20,72.00
venda_maquina_zet,28bea5b3-140d-4ab5-9d5c-9a97e4719a76,2025-12-13 19:53,CREDITO_MAQUINA,79.20,7.20,72.00
venda_maquina_zet,28c4d4b3-3cc9-4922-b147-1852543cb098,2025-12-15 18:55,DEBITO_MAQUINA,86.90,7.90,79.00
venda_maquina_zet,2920db42-5dfb-409b-8c6c-a019949aa534,2025-11-30 18:52,CREDITO_MAQUINA,19.80,1.80,18.00
venda_maquina_zet,295fcff9-789e-414a-bf25-386ce92a1c41,2025-11-30 20:15,DEBITO_MAQUINA,39.60,3.60,36.00
venda_maquina_zet,298d8b1c-03e4-424b-92b8-c7e226a09757,2025-11-26 19:30,CREDITO_MAQUINA,19.80,1.80,18.00
venda_maquina_zet,299a9427-a5b5-40a3-85f4-b3714678bb47,2025-12-20 20:36,PIX_MAQUINA,19.80,1.80,18.00
venda_maquina_zet,29a71fb2-72a1-447d-ab96-ca5719bc996e,2025-12-14 19:53,CREDITO_MAQUINA,19.80,1.80,18.00
venda_maquina_zet,29b88b41-09a1-4184-b256-274a8ce4fe8b,2025-11-20 20:22,CREDITO_MAQUINA,138.60,12.60,126.00
venda_maquina_zet,29e3724d-8b2c-4c26-9079-218e012df99c,2025-11-29 21:25,DEBITO_MAQUINA,99.00,9.00,90.00
venda_maquina_zet,29fedff0-51fc-4181-950b-d5bbebac29c0,2025-11-21 18:56,CREDITO_MAQUINA,178.20,16.20,162.00
venda_maquina_zet,2a946582-61a9-420c-8ad8-b569ad267132,2025-12-23 20:48,CREDITO_MAQUINA,19.80,1.80,18.00
venda_maquina_zet,2ab27000-f448-48e3-964e-2cd61fdacaef,2025-11-30 19:19,PIX_MAQUINA,79.20,7.20,72.00
venda_maquina_zet,2abda8c1-8f9a-42bb-b3c9-c27cc77b3641,2025-12-04 19:07,DEBITO_MAQUINA,118.80,10.80,108.00
venda_maquina_zet,2b40a34a-db90-497b-9cb3-29dc01d65460,2025-12-20 18:27,DEBITO_MAQUINA,178.20,16.20,162.00
venda_maquina_zet,2b4af766-a1d8-4ea4-9d19-6eda0c286bf9,2025-12-18 21:23,PIX_MAQUINA,19.80,1.80,18.00
venda_maquina_zet,2ba5407a-e0d6-421e-a33f-64791eb31b67,2025-12-02 20:52,PIX_MAQUINA,19.80,1.80,18.00
venda_maquina_zet,2c3c1c03-20de-40dd-8574-31799bd942a5,2025-12-25 18:54,DEBITO_MAQUINA,99.00,9.00,90.00
venda_maquina_zet,2c470763-4d45-43af-91ba-8de3c658d70e,2025-12-14 18:37,DEBITO_MAQUINA,39.60,3.60,36.00
venda_maquina_zet,2c4d204b-badb-402f-802b-6efd1ee5a973,2025-11-30 19:58,CREDITO_MAQUINA,19.80,1.80,18.00
venda_maquina_zet,2c4e17aa-e5ea-47f7-b6b7-61ecc6d20fe2,2025-12-26 18:55,DEBITO_MAQUINA,59.40,5.40,54.00
venda_maquina_zet,2c564673-e2c1-4b5b-a487-a8abef41e2fc,2025-12-04 19:13,DEBITO_MAQUINA,79.20,7.20,72.00
venda_maquina_zet,2c758160-fe34-4ad0-847f-4e2450c23ee0,2025-12-22 18:45,DEBITO_MAQUINA,79.20,7.20,72.00
venda_maquina_zet,2c871531-ce79-42ab-beee-39b00e963d11,2025-12-06 20:51,DEBITO_MAQUINA,79.20,7.20,72.00
venda_maquina_zet,2cfb67be-59df-4429-ad4c-dff19ffddf8d,2025-12-28 18:47,PIX_MAQUINA,79.20,7.20,72.00
venda_maquina_zet,2d11d9bf-2eb2-45ad-a1a6-4a0bbc685636,2025-11-17 19:11,CREDITO_MAQUINA,99.00,9.00,90.00
venda_maquina_zet,2d13ffeb-8746-490c-9199-c5e5e3177c33,2025-12-07 19:14,DEBITO_MAQUINA,79.20,7.20,72.00
venda_maquina_zet,2d14c3ba-c8df-4ba2-8a88-8b0ca961d5f5,2025-12-26 19:12,DEBITO_MAQUINA,79.20,7.20,72.00
venda_maquina_zet,2d4b6769-9dea-4bfb-bf3f-6c8d3f9f52f0,2025-11-21 21:24,DEBITO_MAQUINA,19.80,1.80,18.00
venda_maquina_zet,2d8ee8bc-7179-4e04-98b0-afe3f1c7065d,2025-11-22 18:31,PIX_MAQUINA,79.20,7.20,72.00
venda_maquina_zet,2da515b8-b9c1-474d-b37b-47c3ca614e0f,2025-12-28 19:19,CREDITO_MAQUINA,59.40,5.40,54.00
venda_maquina_zet,2db1737c-e3cc-458d-9f78-24a46135e939,2025-12-21 18:33,CREDITO_MAQUINA,79.20,7.20,72.00
venda_maquina_zet,2dcfdaa4-8a7e-4cb8-ab29-a94a2463f265,2025-11-29 22:22,CREDITO_MAQUINA,39.60,3.60,36.00
venda_maquina_zet,2e0a6e20-26d9-4b2a-b635-32f85fd6d2f6,2025-12-04 22:12,PIX_MAQUINA,158.40,14.40,144.00
venda_maquina_zet,2e0d93f5-3153-4644-96af-f7c66e7e9118,2025-12-20 18:36,DEBITO_MAQUINA,19.80,1.80,18.00
venda_maquina_zet,2f176c47-3e0e-4465-870f-0d508965718f,2025-12-06 20:22,CREDITO_MAQUINA,79.20,7.20,72.00
venda_maquina_zet,2f2100a0-4993-40e3-977c-48e8fd6c8229,2025-12-04 20:39,DEBITO_MAQUINA,19.80,1.80,18.00
venda_maquina_zet,2f2e5ceb-7514-40fb-be25-d67d84c89eeb,2025-12-03 20:47,CREDITO_MAQUINA,39.60,3.60,36.00
venda_maquina_zet,2fa0a874-5a6a-49db-aea0-2e9673d132a9,2025-12-01 20:28,DEBITO_MAQUINA,19.80,1.80,18.00
venda_maquina_zet,2fb026fe-9581-428c-8e82-402533cc79a0,2025-12-28 18:17,DEBITO_MAQUINA,39.60,3.60,36.00
venda_maquina_zet,2fce892c-2a6e-409e-99c8-fc87a7ad338e,2025-11-24 19:09,PIX_MAQUINA,19.80,1.80,18.00
venda_maquina_zet,2fe7b417-b9c1-4db8-8c6b-ea61c7400853,2025-12-22 18:43,DEBITO_MAQUINA,39.60,3.60,36.00
venda_maquina_zet,2ffb37fe-fbac-4ff4-8a5c-f58b5ec4e023,2025-12-21 18:15,DEBITO_MAQUINA,198.00,18.00,180.00
venda_maquina_zet,307df194-9e6f-494d-a983-404650dba522,2025-11-22 21:56,DEBITO_MAQUINA,39.60,3.60,36.00
venda_maquina_zet,308f21da-5e65-43c1-8d21-460e475ff5da,2025-12-21 18:44,CREDITO_MAQUINA,39.60,3.60,36.00
venda_maquina_zet,30e27dd0-c19b-4270-9b56-55f93819f4c6,2025-12-26 18:37,CREDITO_MAQUINA,79.20,7.20,72.00
venda_maquina_zet,30f9f1fc-9270-4691-aa9d-6d92502badd2,2025-11-16 21:01,DEBITO_MAQUINA,59.40,5.40,54.00
venda_maquina_zet,315af228-1139-4035-8064-d724cb718140,2025-12-20 20:35,DEBITO_MAQUINA,19.80,1.80,18.00
venda_maquina_zet,316432d5-95cd-4fc5-8b48-ea1a0bda6663,2025-12-04 18:41,CREDITO_MAQUINA,59.40,5.40,54.00
venda_maquina_zet,319ab66c-a1bb-45a9-bf7d-db087ffb83c0,2025-11-19 19:27,DEBITO_MAQUINA,19.80,1.80,18.00
venda_maquina_zet,31ca51cc-b4c4-417a-8cbc-60046a073bdd,2025-11-15 21:15,DEBITO_MAQUINA,19.80,1.80,18.00
venda_maquina_zet,31ea1614-3af4-4ca1-b13a-a9496290348c,2025-12-22 18:32,DEBITO_MAQUINA,99.00,9.00,90.00
venda_maquina_zet,321043e1-dca4-4f33-8a60-e4e3b139299f,2025-12-22 20:07,DEBITO_MAQUINA,99.00,9.00,90.00
venda_maquina_zet,323c7fde-d73c-4d0f-9c14-13bd6309045f,2025-12-25 19:22,CREDITO_MAQUINA,19.80,1.80,18.00
venda_maquina_zet,3243dd03-503c-465d-9fe3-271247da8917,2025-12-03 18:59,PIX_MAQUINA,19.80,1.80,18.00
venda_maquina_zet,327d486e-263a-4da3-be05-23ff788b107d,2025-12-04 19:58,DEBITO_MAQUINA,19.80,1.80,18.00
venda_maquina_zet,32fa15f4-10c2-4b94-b236-af84c878fcdb,2025-11-21 18:50,CREDITO_MAQUINA,99.00,9.00,90.00
venda_maquina_zet,32fc4813-f41d-4059-b351-abc34e57d1ac,2025-12-10 18:50,PIX_MAQUINA,59.40,5.40,54.00
venda_maquina_zet,33019395-b64f-489d-a072-0d6ea1ce3ed0,2025-12-01 19:52,PIX_MAQUINA,19.80,1.80,18.00
venda_maquina_zet,33458384-fa0b-4e2b-92df-5689326f4262,2025-11-17 20:05,PIX_MAQUINA,79.20,7.20,72.00
venda_maquina_zet,3353d48a-2317-409b-9b67-386975d0acda,2025-11-30 19:29,DEBITO_MAQUINA,59.40,5.40,54.00
venda_maquina_zet,33867345-d06e-4fc1-8a49-b225c007ebf3,2026-01-02 20:42,PIX_MAQUINA,19.80,1.80,18.00
venda_maquina_zet,338d3382-cef8-4e7f-88e2-36e01508df23,2025-12-28 20:15,DEBITO_MAQUINA,39.60,3.60,36.00
venda_maquina_zet,33b00023-d84d-4a01-b99a-961f039206c2,2025-11-21 18:24,DEBITO_MAQUINA,19.80,1.80,18.00
venda_maquina_zet,33e0916e-8b62-46d8-a354-8f4ad6fe60c1,2025-12-27 22:37,DEBITO_MAQUINA,118.80,10.80,108.00
venda_maquina_zet,343d53fc-3c37-4725-888b-ff5e313f38b6,2025-11-24 18:36,CREDITO_MAQUINA,59.40,5.40,54.00
venda_maquina_zet,346f30ac-045d-4951-81fc-284b97ba2867,2025-12-06 18:43,DEBITO_MAQUINA,99.00,9.00,90.00
venda_maquina_zet,34aa079e-d995-4f2b-a5c4-2858c944b152,2025-12-24 19:16,CREDITO_MAQUINA,79.20,7.20,72.00
venda_maquina_zet,34c3ae2b-1d04-4ff9-aff5-7478ccfab543,2025-12-26 19:06,DEBITO_MAQUINA,79.20,7.20,72.00
venda_maquina_zet,35049238-e724-49d9-be1c-dab053e61aaa,2025-12-07 20:56,CREDITO_MAQUINA,19.80,1.80,18.00
venda_maquina_zet,359aa220-ef6e-488e-9233-f5eb74fd309b,2025-12-07 20:18,DEBITO_MAQUINA,19.80,1.80,18.00
venda_maquina_zet,367b188d-09f8-4bde-bd81-c6c01fc03a1f,2025-12-13 18:10,DEBITO_MAQUINA,79.20,7.20,72.00
venda_maquina_zet,37368d11-c646-4f4e-9fb7-13387af4b4f0,2025-12-28 22:05,DEBITO_MAQUINA,19.80,1.80,18.00
venda_maquina_zet,379201eb-d0f2-45bb-9b3f-fb2aa7578d1f,2025-12-03 19:06,DEBITO_MAQUINA,59.40,5.40,54.00
venda_maquina_zet,3794d321-4357-405d-b3b7-e5064e903251,2025-12-20 19:24,CREDITO_MAQUINA,39.60,3.60,36.00
venda_maquina_zet,37ab20a3-a0ea-4a39-a1da-6617268a5f22,2025-12-26 21:06,CREDITO_MAQUINA,19.80,1.80,18.00
venda_maquina_zet,37ad537d-07e4-48ba-9d59-fc2ab8fc7383,2025-12-21 22:04,PIX_MAQUINA,19.80,1.80,18.00
venda_maquina_zet,37adb890-927b-4402-8ac6-541a1fc92561,2025-12-21 19:53,DEBITO_MAQUINA,39.60,3.60,36.00
venda_maquina_zet,37d300fe-c3d9-41e9-90e5-a533c603bf9a,2025-11-30 19:16,DEBITO_MAQUINA,59.40,5.40,54.00
venda_maquina_zet,37db005a-d682-42f4-b8af-42e5036f20d8,2025-11-28 19:12,DEBITO_MAQUINA,19.80,1.80,18.00
venda_maquina_zet,37eff943-c141-4d6c-abce-44fc65be80d4,2025-12-21 18:22,DEBITO_MAQUINA,59.40,5.40,54.00
venda_maquina_zet,3876e911-9422-4ce4-929c-0a92fe6122d4,2025-12-26 20:47,DEBITO_MAQUINA,19.80,1.80,18.00
venda_maquina_zet,3883d3dd-df71-4213-af68-7f5195efbff4,2025-12-15 18:59,DEBITO_MAQUINA,59.40,5.40,54.00
venda_maquina_zet,38b4066b-40a7-4ba3-b0dd-0edc839bfa6d,2025-12-22 19:02,CREDITO_MAQUINA,79.20,7.20,72.00
venda_maquina_zet,3920ba71-d0fa-4ef3-90e5-ccb334f08b78,2025-12-14 19:01,DEBITO_MAQUINA,138.60,12.60,126.00
venda_maquina_zet,3984f072-308e-4b3f-855a-dca3ccd5fdc3,2025-12-10 18:49,DEBITO_MAQUINA,19.80,1.80,18.00
venda_maquina_zet,3a028754-8989-45d4-8f56-556c9f03817b,2025-12-21 18:24,PIX_MAQUINA,99.00,9.00,90.00
venda_maquina_zet,3a35b9ea-c096-497e-9345-bc123edf7554,2025-12-22 20:04,DEBITO_MAQUINA,39.60,3.60,36.00
venda_maquina_zet,3a5f1a45-2bf1-482e-9161-70b7c0fc0cee,2025-12-07 20:39,DEBITO_MAQUINA,39.60,3.60,36.00
venda_maquina_zet,3aa29f95-26e0-4f29-b06e-e27a007dba87,2025-11-26 19:06,CREDITO_MAQUINA,19.80,1.80,18.00
venda_maquina_zet,3abd469e-8399-4c6b-a65a-49766476c588,2025-12-28 18:56,CREDITO_MAQUINA,118.80,10.80,108.00
venda_maquina_zet,3ad8ac6a-668f-4283-bd57-36c9defb6664,2025-12-27 18:47,DEBITO_MAQUINA,19.80,1.80,18.00
venda_maquina_zet,3af70d7b-1e16-4f6a-bad9-b36cfb9fc32d,2025-12-20 18:37,DEBITO_MAQUINA,39.60,3.60,36.00
venda_maquina_zet,3bbd40b8-dec9-4546-af9b-47e46bf06c28,2025-12-06 18:30,DEBITO_MAQUINA,19.80,1.80,18.00
venda_maquina_zet,3bd8953d-0da3-4fb4-ae15-a524290110ea,2025-12-04 20:25,PIX_MAQUINA,19.80,1.80,18.00
venda_maquina_zet,3be3ed7a-80c6-414c-920a-934db144204a,2025-11-20 18:59,DEBITO_MAQUINA,79.20,7.20,72.00
venda_maquina_zet,3c01bef7-d8f4-44d2-92db-5c0435e0b537,2025-12-07 20:56,DEBITO_MAQUINA,99.00,9.00,90.00
venda_maquina_zet,3c0d7334-c4ee-40ac-b00a-2b206a383748,2025-11-21 18:58,DEBITO_MAQUINA,99.00,9.00,90.00
venda_maquina_zet,3c7da38f-a4a5-4fdc-b630-2cb80be98687,2025-12-21 18:02,DEBITO_MAQUINA,79.20,7.20,72.00
venda_maquina_zet,3c7f9fe0-4ea5-447c-9641-072f8e18d1db,2025-12-27 18:49,CREDITO_MAQUINA,118.80,10.80,108.00
venda_maquina_zet,3d111de2-a01c-4f45-9df5-16ee674cd160,2025-12-30 20:32,CREDITO_MAQUINA,19.80,1.80,18.00
venda_maquina_zet,3d4e7ac4-e406-4fe8-bda5-6173f25c78c0,2025-11-24 20:08,PIX_MAQUINA,19.80,1.80,18.00
venda_maquina_zet,3d81cd58-8406-4a0c-b504-ed4096f46466,2025-12-22 19:11,CREDITO_MAQUINA,59.40,5.40,54.00
venda_maquina_zet,3d861e17-6bdf-4c0b-8f2b-b1591da850ba,2025-12-06 18:08,DEBITO_MAQUINA,178.20,16.20,162.00
venda_maquina_zet,3d9c3701-434b-48da-b6c2-f81ea81423d8,2025-12-28 19:15,CREDITO_MAQUINA,79.20,7.20,72.00
venda_maquina_zet,3e23be51-cb6e-413a-b543-46a42a0caed2,2025-12-13 18:48,DEBITO_MAQUINA,79.20,7.20,72.00
venda_maquina_zet,3e56018b-2908-44e0-817b-0b0a09d7abdb,2025-12-08 19:17,PIX_MAQUINA,19.80,1.80,18.00
venda_maquina_zet,3e5d0d0a-fc3e-4ac8-bf36-ca02ffa59563,2025-12-07 21:07,CREDITO_MAQUINA,59.40,5.40,54.00
venda_maquina_zet,3e90e028-a96f-4510-b9b5-118981432a03,2025-12-28 19:00,PIX_MAQUINA,19.80,1.80,18.00
venda_maquina_zet,3eaeccbf-6e3c-4799-b1db-cbcae7ce1d8d,2025-11-27 22:14,DEBITO_MAQUINA,79.20,7.20,72.00
venda_maquina_zet,3efc9bdc-32a5-423a-bec3-cb1f32cbc35b,2025-12-15 18:49,DEBITO_MAQUINA,99.00,9.00,90.00
venda_maquina_zet,3f7fa2bc-b945-4c59-8814-642b9cc79aee,2025-12-14 20:44,DEBITO_MAQUINA,19.80,1.80,18.00
venda_maquina_zet,3ff7432a-276a-487e-a7fc-abc613b848f1,2025-11-15 20:37,DEBITO_MAQUINA,19.80,1.80,18.00
venda_maquina_zet,40328007-866d-43c0-b7c9-fe2b12ddfd60,2025-12-15 18:37,CREDITO_MAQUINA,59.40,5.40,54.00
venda_maquina_zet,406fad19-1e11-492f-9e0d-9232352fc8be,2025-12-20 20:09,DEBITO_MAQUINA,19.80,1.80,18.00
venda_maquina_zet,4072b8f0-594b-4cd9-862e-b3101f7226fb,2025-11-16 19:41,CREDITO_MAQUINA,19.80,1.80,18.00
venda_maquina_zet,407a2e09-fc8b-4587-ab5b-72867c8b73a7,2025-11-27 20:37,DEBITO_MAQUINA,39.60,3.60,36.00
venda_maquina_zet,40bfe9ff-76cf-44d6-aa47-42838486e8a4,2025-12-13 18:51,DEBITO_MAQUINA,59.40,5.40,54.00
venda_maquina_zet,4146a168-c2e7-44b5-9442-a4056c93a354,2025-12-05 19:26,DEBITO_MAQUINA,19.80,1.80,18.00
venda_maquina_zet,415a08eb-06c7-4792-8a16-efca73689e90,2025-12-03 19:20,CREDITO_MAQUINA,59.40,5.40,54.00
venda_maquina_zet,41783502-3f23-4060-be06-3fbd29b8f008,2025-12-24 18:48,DEBITO_MAQUINA,118.80,10.80,108.00
venda_maquina_zet,41bc9ab4-f085-4292-910e-af6e59e146b1,2025-11-20 20:46,DEBITO_MAQUINA,59.40,5.40,54.00
venda_maquina_zet,4275d458-d7f8-4ab7-83b7-b9c89bd757f2,2025-12-25 19:16,CREDITO_MAQUINA,59.40,5.40,54.00
venda_maquina_zet,4289d7d0-8061-4869-85fd-13df418da7f0,2025-12-11 19:36,DEBITO_MAQUINA,19.80,1.80,18.00
venda_maquina_zet,42f2b9cb-913e-42d4-b2ed-8d0c58ffda18,2025-11-26 18:57,CREDITO_MAQUINA,59.40,5.40,54.00
venda_maquina_zet,42fcc771-d393-4c88-a2b2-2b33afd74142,2025-12-07 20:45,CREDITO_MAQUINA,79.20,7.20,72.00
venda_maquina_zet,433b5cfa-bb85-46f2-885c-438906744523,2025-12-25 22:26,PIX_MAQUINA,79.20,7.20,72.00
venda_maquina_zet,4371e59d-23e9-461e-831f-4c73a81f067a,2025-12-20 18:44,DEBITO_MAQUINA,19.80,1.80,18.00
venda_maquina_zet,43b6b5a2-795b-4f93-8e1c-187b9a23f00c,2025-12-25 19:29,DEBITO_MAQUINA,79.20,7.20,72.00
venda_maquina_zet,43b8d63f-29e8-4b49-899e-059a2ccb071c,2025-12-21 18:56,DEBITO_MAQUINA,79.20,7.20,72.00
venda_maquina_zet,4415953a-610d-49dc-9e5b-277400afac58,2025-12-26 21:17,DEBITO_MAQUINA,19.80,1.80,18.00
venda_maquina_zet,44a7d769-ade3-4a23-ba16-9645bc58f884,2025-12-21 18:51,CREDITO_MAQUINA,79.20,7.20,72.00
venda_maquina_zet,44b6c0bb-5851-45c7-8a0e-90708daa9e72,2025-12-27 18:21,DEBITO_MAQUINA,79.20,7.20,72.00
venda_maquina_zet,44d98a71-f8b6-48a9-a045-388b98139a62,2025-12-26 18:55,DEBITO_MAQUINA,79.20,7.20,72.00
venda_maquina_zet,44f2b7a2-0bf8-43ba-84ed-25190eca84b2,2025-12-20 18:48,CREDITO_MAQUINA,99.00,9.00,90.00
venda_maquina_zet,44fab962-005a-447b-b496-851f0f9ec9a4,2025-12-23 20:00,PIX_MAQUINA,19.80,1.80,18.00
venda_maquina_zet,4515333f-b287-497f-8a2a-6299e9a7c323,2025-12-07 20:29,CREDITO_MAQUINA,99.00,9.00,90.00
venda_maquina_zet,452ad77e-430a-4bd8-9be7-9758084b86c1,2025-11-21 20:46,CREDITO_MAQUINA,99.00,9.00,90.00
venda_maquina_zet,453f5a4b-42a3-4a02-87a3-7c471161893f,2025-12-20 19:36,DEBITO_MAQUINA,79.20,7.20,72.00
venda_maquina_zet,45580666-6531-49e9-8c82-7e67d491a02e,2025-12-18 19:41,DEBITO_MAQUINA,118.80,10.80,108.00
venda_maquina_zet,457b9acc-8252-48fe-81f9-5c80c6971738,2025-12-05 19:00,PIX_MAQUINA,19.80,1.80,18.00
venda_maquina_zet,457da6ce-d6e5-4e58-ac59-4a48c1990b33,2025-11-21 22:02,DEBITO_MAQUINA,173.80,15.80,158.00
venda_maquina_zet,45e63e1d-11b8-4e18-a3fa-c3287fd29b5f,2025-12-06 22:13,PIX_MAQUINA,19.80,1.80,18.00
venda_maquina_zet,46196a4d-2118-4e46-92f5-7ed44dc5db05,2025-12-07 19:49,PIX_MAQUINA,19.80,1.80,18.00
venda_maquina_zet,4665ed7a-2f2e-46f3-ba20-74e64b810c99,2025-12-20 18:41,DEBITO_MAQUINA,118.80,10.80,108.00
venda_maquina_zet,468d741a-041f-4799-9dfb-642a60fe915c,2025-11-24 19:53,DEBITO_MAQUINA,99.00,9.00,90.00
venda_maquina_zet,46ff7ef5-1161-4017-a037-92f55e5c5f30,2025-12-13 18:20,CREDITO_MAQUINA,118.80,10.80,108.00
venda_maquina_zet,47128726-b533-4332-b54c-a8a555adbebf,2025-12-02 19:36,PIX_MAQUINA,59.40,5.40,54.00
venda_maquina_zet,4764e06b-3569-43b7-ae2c-1308d9f0f6c3,2025-12-26 18:53,DEBITO_MAQUINA,59.40,5.40,54.00
venda_maquina_zet,4764e919-3b01-4dc8-96e6-7ea74b2bc2c1,2025-11-20 18:58,PIX_MAQUINA,19.80,1.80,18.00
venda_maquina_zet,477c8add-542e-49fa-b8d2-0b5ddc2ae457,2025-12-24 19:21,CREDITO_MAQUINA,99.00,9.00,90.00
venda_maquina_zet,47ad02a8-ad37-431a-a4d2-37f68be860bf,2025-12-14 19:25,DEBITO_MAQUINA,19.80,1.80,18.00
venda_maquina_zet,47d8304d-aef3-470e-89b7-06f6e85021e6,2025-11-22 22:43,DEBITO_MAQUINA,19.80,1.80,18.00
venda_maquina_zet,482fc3bc-cfe9-4b2f-bf27-6d6a2f84faa0,2025-12-21 21:04,CREDITO_MAQUINA,118.80,10.80,108.00
venda_maquina_zet,490d73b3-226d-4501-8f34-9b99dc0733ff,2025-12-22 19:06,DEBITO_MAQUINA,59.40,5.40,54.00
venda_maquina_zet,496b9a58-b954-4099-a33e-d08a4c0ccce5,2025-12-22 18:50,CREDITO_MAQUINA,99.00,9.00,90.00
venda_maquina_zet,4ae44488-e6df-4667-9889-b97ab63ebbab,2025-12-03 21:28,CREDITO_MAQUINA,79.20,7.20,72.00
venda_maquina_zet,4af94a6f-cea7-4cf7-8954-d26a04c4b9ee,2025-11-21 19:58,DEBITO_MAQUINA,79.20,7.20,72.00
venda_maquina_zet,4b37ab43-d1b4-4029-8e25-d009e0b1beb7,2025-12-13 18:58,DEBITO_MAQUINA,79.20,7.20,72.00
venda_maquina_zet,4b5652ff-1efd-446d-acc9-79899bb0da09,2025-12-14 18:58,PIX_MAQUINA,79.20,7.20,72.00
venda_maquina_zet,4b6d4465-a2ee-4a9f-af5b-9f0385061d84,2025-12-21 18:41,DEBITO_MAQUINA,59.40,5.40,54.00
venda_maquina_zet,4bc6514b-dca1-4905-8625-f23d75a91bba,2025-12-09 19:11,DEBITO_MAQUINA,19.80,1.80,18.00
venda_maquina_zet,4bf7b6e7-b216-4c41-a757-76713fb1e766,2025-12-22 19:03,DEBITO_MAQUINA,39.60,3.60,36.00
venda_maquina_zet,4bfe2340-e4c2-4890-9f4c-6bcaedb5743a,2025-11-21 19:42,CREDITO_MAQUINA,59.40,5.40,54.00
venda_maquina_zet,4c2bdc7f-75b1-4636-b4b2-dbf137799b27,2025-11-16 19:45,CREDITO_MAQUINA,59.40,5.40,54.00
venda_maquina_zet,4c62e3ad-b58f-46dd-a462-58bf3a0e783f,2025-12-05 19:58,PIX_MAQUINA,19.80,1.80,18.00
venda_maquina_zet,4c69610d-f471-4b88-a7a8-469785147bc6,2025-12-06 19:49,DEBITO_MAQUINA,79.20,7.20,72.00
venda_maquina_zet,4c857aad-4f69-4d69-95a8-68881d2a2ddf,2025-12-01 22:07,PIX_MAQUINA,138.60,12.60,126.00
venda_maquina_zet,4cc34fa1-0949-428e-8772-8544a5ce7cbf,2025-12-17 21:55,CREDITO_MAQUINA,19.80,1.80,18.00
venda_maquina_zet,4d4f31e4-d192-4a09-ae49-27bd8d37d650,2025-12-20 20:26,CREDITO_MAQUINA,99.00,9.00,90.00
venda_maquina_zet,4d59a801-5e00-4481-a719-4f772c565438,2025-12-15 20:35,PIX_MAQUINA,39.60,3.60,36.00
venda_maquina_zet,4d6dd9c3-7abe-4634-8b2e-fd8088b129a1,2025-12-21 19:07,CREDITO_MAQUINA,217.80,19.80,198.00
venda_maquina_zet,4d8f517a-89d3-464e-a9ce-68689f84f0da,2025-12-08 19:16,DEBITO_MAQUINA,19.80,1.80,18.00
venda_maquina_zet,4d9970bb-1a47-410c-8b49-b0de3f9d501f,2025-12-26 19:08,DEBITO_MAQUINA,39.60,3.60,36.00
venda_maquina_zet,4db17f49-0f96-4683-93bc-51695eab48e5,2025-12-14 18:42,PIX_MAQUINA,178.20,16.20,162.00
venda_maquina_zet,4e657185-eefb-4953-8428-adedc18bd719,2025-12-21 18:42,DEBITO_MAQUINA,79.20,7.20,72.00
venda_maquina_zet,4e6d62f4-bb84-47cc-a06a-a284b7d3281b,2025-12-25 19:05,CREDITO_MAQUINA,99.00,9.00,90.00
venda_maquina_zet,4eb8152d-ae6b-4803-920d-c2231e5df939,2025-11-29 21:06,DEBITO_MAQUINA,19.80,1.80,18.00
venda_maquina_zet,4f012927-f6f4-4dd9-9e9b-0d36054fe5a2,2025-11-30 20:02,DEBITO_MAQUINA,39.60,3.60,36.00
venda_maquina_zet,4f69d496-00d9-44a3-b87c-2529a2fca946,2025-11-24 19:21,PIX_MAQUINA,19.80,1.80,18.00
venda_maquina_zet,50c44af3-0306-4199-a5d0-ba1885132f9f,2025-12-07 18:18,DEBITO_MAQUINA,79.20,7.20,72.00
venda_maquina_zet,50cff58d-3639-4b94-8b46-1eb54f761a67,2025-12-06 18:20,DEBITO_MAQUINA,55.00,5.00,50.00
venda_maquina_zet,50d3246d-49f3-4336-96f9-4f199fd7cba1,2025-12-07 20:16,DEBITO_MAQUINA,19.80,1.80,18.00
venda_maquina_zet,50e6add6-852d-4eb9-8d87-4de1798991fc,2025-12-25 18:23,CREDITO_MAQUINA,39.60,3.60,36.00
venda_maquina_zet,5102b46d-e676-4c76-9820-3ee594961304,2025-12-06 19:50,PIX_MAQUINA,19.80,1.80,18.00
venda_maquina_zet,51265346-d800-44a9-a5fc-2e4a4955b069,2025-12-21 22:05,DEBITO_MAQUINA,19.80,1.80,18.00
venda_maquina_zet,51674e0b-5886-4921-b3b7-eebe0463f237,2025-12-11 19:37,DEBITO_MAQUINA,19.80,1.80,18.00
venda_maquina_zet,51b98dc8-3373-4eb1-9015-07184c6f4d5e,2025-11-16 19:50,DEBITO_MAQUINA,79.20,7.20,72.00
venda_maquina_zet,522513e2-1f21-42ba-a32e-cc1afbb8fd4f,2025-11-16 20:13,DEBITO_MAQUINA,138.60,12.60,126.00
venda_maquina_zet,5259ea41-8b5f-460c-b8c9-685f0e3ddb68,2025-12-26 19:16,DEBITO_MAQUINA,79.20,7.20,72.00
venda_maquina_zet,52febcb0-3037-4694-8d7d-92abf87402a2,2025-12-25 18:31,PIX_MAQUINA,39.60,3.60,36.00
venda_maquina_zet,531ab54b-027c-4544-8a92-dd50ce1101e8,2025-12-13 22:54,DEBITO_MAQUINA,39.60,3.60,36.00
venda_maquina_zet,5359ef82-d1ce-40ac-b61c-0cbf9b6a8230,2025-12-07 18:20,PIX_MAQUINA,79.20,7.20,72.00
venda_maquina_zet,537185ab-aa8b-4d60-889e-53a93b3bef4a,2025-12-19 21:15,DEBITO_MAQUINA,19.80,1.80,18.00
venda_maquina_zet,538d1f5e-55b5-4ea1-9d11-be3b21ade442,2025-12-06 19:49,DEBITO_MAQUINA,19.80,1.80,18.00
venda_maquina_zet,53c7d707-cfd0-4ba6-9db6-60c50a0b7d2e,2025-12-27 18:46,DEBITO_MAQUINA,19.80,1.80,18.00
venda_maquina_zet,53f3495a-9a0a-41d3-9a74-ee3f766ac063,2025-11-27 20:19,PIX_MAQUINA,19.80,1.80,18.00
venda_maquina_zet,548c5084-785c-46d5-95d7-63088252c374,2025-12-05 19:26,DEBITO_MAQUINA,39.60,3.60,36.00
venda_maquina_zet,549b726f-b3b9-4238-8b9c-49a3377ec998,2025-12-10 22:17,CREDITO_MAQUINA,79.20,7.20,72.00
venda_maquina_zet,54e36e2a-093d-4b1a-ac7a-d0555f6e6efc,2025-12-06 20:17,DEBITO_MAQUINA,39.60,3.60,36.00
venda_maquina_zet,54f253b4-3a2a-4d9f-ae28-e53bcccabc1d,2025-11-22 21:59,CREDITO_MAQUINA,19.80,1.80,18.00
venda_maquina_zet,550770f7-8c9e-4a66-94cc-df703a7af719,2025-12-14 21:44,DEBITO_MAQUINA,39.60,3.60,36.00
venda_maquina_zet,552a44f0-bb87-47c8-9336-f983a06b427f,2025-12-25 18:56,PIX_MAQUINA,39.60,3.60,36.00
venda_maquina_zet,555f6a68-9151-42b0-abc5-bbbf9e607a13,2025-11-25 19:05,DEBITO_MAQUINA,39.60,3.60,36.00
venda_maquina_zet,55fff9e5-956f-4a99-ba14-0b81cf1d21d5,2025-12-13 18:55,DEBITO_MAQUINA,39.60,3.60,36.00
venda_maquina_zet,560ef23d-94ed-407e-a0d2-757adf3126ce,2025-12-24 19:59,DEBITO_MAQUINA,39.60,3.60,36.00
venda_maquina_zet,5656d289-b1d6-4778-8404-8adf86603e69,2025-11-16 20:00,CREDITO_MAQUINA,19.80,1.80,18.00
venda_maquina_zet,56cfa605-b7a2-410e-8720-13774caf84cb,2025-12-29 19:30,DEBITO_MAQUINA,19.80,1.80,18.00
venda_maquina_zet,5718bb11-2d57-4d03-9858-2f3090065f7e,2025-12-26 20:43,CREDITO_MAQUINA,19.80,1.80,18.00
venda_maquina_zet,579d0644-53e4-42d7-8d60-7f3817b04a43,2025-12-10 20:12,PIX_MAQUINA,19.80,1.80,18.00
venda_maquina_zet,57a9e4a1-b032-40d7-977d-cb284fdec6b7,2025-12-20 19:15,PIX_MAQUINA,99.00,9.00,90.00
venda_maquina_zet,57b644b6-b06f-48a5-8345-fc2f20d5e5c1,2025-12-14 19:59,CREDITO_MAQUINA,19.80,1.80,18.00
venda_maquina_zet,57b8dc39-768a-4e8d-a972-63ba6faba6e6,2025-12-28 20:48,DEBITO_MAQUINA,39.60,3.60,36.00
venda_maquina_zet,57df9a8c-3e19-4b74-b62d-13ec7422612f,2025-12-17 19:19,DEBITO_MAQUINA,19.80,1.80,18.00
venda_maquina_zet,57e60d22-0a91-4d94-a36d-40d9b3850801,2025-12-28 19:15,DEBITO_MAQUINA,39.60,3.60,36.00
venda_maquina_zet,5850da4c-ea0a-48e8-903f-87972b84e6dd,2025-12-14 18:19,CREDITO_MAQUINA,79.20,7.20,72.00
venda_maquina_zet,586410d4-ee4e-465b-b313-4d1bcc8b6024,2025-11-30 20:11,DEBITO_MAQUINA,19.80,1.80,18.00
venda_maquina_zet,58676e7d-0839-402a-99cc-b23e0586b0ee,2025-12-20 18:46,PIX_MAQUINA,99.00,9.00,90.00
venda_maquina_zet,58bb9985-9ceb-465e-a490-5a5dd0e83bd4,2025-12-22 21:31,DEBITO_MAQUINA,19.80,1.80,18.00
venda_maquina_zet,58c0f192-bae5-450e-b5a8-63a333ce0fb8,2025-11-22 18:34,DEBITO_MAQUINA,19.80,1.80,18.00
venda_maquina_zet,58c8f945-4ee7-4c79-8e0f-b52b104bb057,2025-12-21 18:37,DEBITO_MAQUINA,19.80,1.80,18.00
venda_maquina_zet,58da76fe-7e4f-43ab-b423-2090b5f53cfa,2025-12-03 20:28,DEBITO_MAQUINA,19.80,1.80,18.00
venda_maquina_zet,594cc302-f163-4c42-af4b-e37470b03d8e,2025-11-28 19:10,DEBITO_MAQUINA,39.60,3.60,36.00
venda_maquina_zet,5953c1e5-1560-403b-b3ea-9b558596b9b7,2025-11-21 18:26,CREDITO_MAQUINA,79.20,7.20,72.00
venda_maquina_zet,599719ce-6f7b-4605-948e-51d98ac36843,2025-12-14 19:07,CREDITO_MAQUINA,79.20,7.20,72.00
venda_maquina_zet,59a85c3f-7958-421d-8990-5761a750d600,2025-11-27 22:18,DEBITO_MAQUINA,158.40,14.40,144.00
venda_maquina_zet,59fc0efe-9c92-42a3-9bc9-4fe090d1e5b1,2025-12-27 18:36,CREDITO_MAQUINA,59.40,5.40,54.00
venda_maquina_zet,5a578f95-8f37-4a97-ac54-dd6bc026d8d1,2025-12-08 19:34,CREDITO_MAQUINA,79.20,7.20,72.00
venda_maquina_zet,5a7558d6-a6e4-429c-a580-8eb6947e23b3,2025-12-06 20:37,DEBITO_MAQUINA,19.80,1.80,18.00
venda_maquina_zet,5a78e692-a1df-492a-b6ea-ed3aeb6a3d92,2025-12-28 19:15,DEBITO_MAQUINA,198.00,18.00,180.00
venda_maquina_zet,5aca37aa-0302-42d8-af27-c0d457885b8d,2025-11-20 19:59,CREDITO_MAQUINA,19.80,1.80,18.00
venda_maquina_zet,5b000648-21db-45da-96a8-6e8f404b6748,2025-11-27 21:10,DEBITO_MAQUINA,19.80,1.80,18.00
venda_maquina_zet,5b350f46-d63c-45a4-af73-1dd0cb4b6854,2025-12-11 19:14,DEBITO_MAQUINA,82.50,7.50,75.00
venda_maquina_zet,5b5821c3-7d6c-4fda-b68b-465622971f99,2025-12-21 20:26,CREDITO_MAQUINA,39.60,3.60,36.00
venda_maquina_zet,5b6675e7-f7c8-4628-9e51-294f0a231297,2025-11-30 19:18,CREDITO_MAQUINA,99.00,9.00,90.00
venda_maquina_zet,5b73aae5-52ec-47e2-84d5-66d2437dde9e,2025-11-20 20:20,DEBITO_MAQUINA,158.40,14.40,144.00
venda_maquina_zet,5c1a61ab-08c6-46ba-bf47-583676e89b09,2025-12-20 18:54,DEBITO_MAQUINA,79.20,7.20,72.00
venda_maquina_zet,5c72eb9e-f372-4134-97b1-69ffac330a27,2025-11-30 19:16,PIX_MAQUINA,79.20,7.20,72.00
venda_maquina_zet,5d45298e-d08d-4dd8-b1bc-f1f1c786da75,2025-12-06 21:35,PIX_MAQUINA,79.20,7.20,72.00
venda_maquina_zet,5dd5106b-6bf6-42e3-8c47-c8ee5595a1e8,2025-12-18 19:27,CREDITO_MAQUINA,19.80,1.80,18.00
venda_maquina_zet,5de23dc5-07ab-4187-81af-5c08118bcaa9,2025-12-17 18:46,DEBITO_MAQUINA,39.60,3.60,36.00
venda_maquina_zet,5ea8a891-3a19-408e-bf3c-d6e3b3cd1a1e,2025-12-15 19:02,CREDITO_MAQUINA,39.60,3.60,36.00
venda_maquina_zet,5eb992b6-55f3-426f-b413-c4a001794bc4,2025-12-06 19:51,CREDITO_MAQUINA,19.80,1.80,18.00
venda_maquina_zet,5ecdfdce-d2f7-4353-ac58-0a4697daf244,2025-12-03 20:49,PIX_MAQUINA,19.80,1.80,18.00
venda_maquina_zet,5ee2dcbc-bc5a-4b6e-a9d7-73d6e8a07064,2025-12-11 21:08,DEBITO_MAQUINA,39.60,3.60,36.00
venda_maquina_zet,5ee4dccb-8216-4910-9319-9ebc125f9e9b,2025-12-25 19:15,DEBITO_MAQUINA,79.20,7.20,72.00
venda_maquina_zet,5f09cd2d-1c76-471b-881f-5911d5699678,2025-12-15 19:11,DEBITO_MAQUINA,39.60,3.60,36.00
venda_maquina_zet,5f6dc1bd-a584-436f-add2-6eaf991ace4c,2025-12-29 20:10,CREDITO_MAQUINA,19.80,1.80,18.00
venda_maquina_zet,5f939baf-3274-4164-88b1-5624bef5fbb1,2025-12-17 18:59,DEBITO_MAQUINA,59.40,5.40,54.00
venda_maquina_zet,5fe62cea-9449-4e74-9637-6806ebe9611a,2025-12-04 18:52,PIX_MAQUINA,19.80,1.80,18.00
venda_maquina_zet,5fe68b1c-02c6-4e8b-b74e-71006b106bcb,2025-12-13 18:28,CREDITO_MAQUINA,59.40,5.40,54.00
venda_maquina_zet,600a4609-8bec-48fa-9fb6-47c6a4c7ae13,2025-12-25 19:13,DEBITO_MAQUINA,75.35,6.85,68.50
venda_maquina_zet,603f288e-84a4-41cb-9495-133242a62697,2025-11-22 20:20,DEBITO_MAQUINA,39.60,3.60,36.00
venda_maquina_zet,6047274a-0cc1-4cfd-956d-3e29e676a139,2025-12-20 18:51,DEBITO_MAQUINA,19.80,1.80,18.00
venda_maquina_zet,606c611c-7c9e-4dbb-a2c6-a8cd418b12be,2025-12-13 19:55,CREDITO_MAQUINA,59.40,5.40,54.00
venda_maquina_zet,6080c9a7-4480-477b-a93d-5f528e6ca5ad,2025-12-23 20:12,PIX_MAQUINA,19.80,1.80,18.00
venda_maquina_zet,60b26ead-92ce-4920-bd4e-1454877d74a8,2025-12-17 19:13,DEBITO_MAQUINA,19.80,1.80,18.00
venda_maquina_zet,60ed97b2-fe70-4f1c-b8f0-0e1e5aa24923,2025-12-05 20:25,PIX_MAQUINA,39.60,3.60,36.00
venda_maquina_zet,61301873-9259-4b5d-9831-f4807ba9e258,2025-12-20 19:13,DEBITO_MAQUINA,79.20,7.20,72.00
venda_maquina_zet,613e77c7-d32c-416a-ab80-8d2f325b6808,2025-11-22 20:54,DEBITO_MAQUINA,79.20,7.20,72.00
venda_maquina_zet,615332e2-bc74-42a1-ae42-be2811cb36d2,2025-11-15 19:28,CREDITO_MAQUINA,134.20,12.20,122.00
venda_maquina_zet,61538f3a-dfed-4e77-aa00-791041a5879e,2025-12-17 22:19,DEBITO_MAQUINA,39.60,3.60,36.00
venda_maquina_zet,61a154e5-9dc4-4e8c-a5da-93b6783d1764,2025-12-11 20:16,CREDITO_MAQUINA,178.20,16.20,162.00
venda_maquina_zet,61bf04d8-33c4-4dbb-b34f-4d9ce95d4360,2025-12-23 20:42,PIX_MAQUINA,59.40,5.40,54.00
venda_maquina_zet,61cb380b-20af-4916-be48-2bb20cd4774f,2025-11-22 18:37,DEBITO_MAQUINA,79.20,7.20,72.00
venda_maquina_zet,61d650d0-54af-45b0-9068-4c032cd594af,2025-12-20 19:59,CREDITO_MAQUINA,39.60,3.60,36.00
venda_maquina_zet,61d66b32-e618-4f07-b6b8-3269ee915c68,2025-12-25 18:47,DEBITO_MAQUINA,19.80,1.80,18.00
venda_maquina_zet,61e8a0ab-43f8-4c8a-b10c-020df7301875,2025-12-06 18:21,DEBITO_MAQUINA,74.80,6.80,68.00
venda_maquina_zet,61ee32ac-5504-4256-8b55-3e27a1069f71,2025-11-20 18:58,CREDITO_MAQUINA,19.80,1.80,18.00
venda_maquina_zet,62df166e-2727-400b-afa3-d5e045826ebd,2025-12-25 18:43,DEBITO_MAQUINA,79.20,7.20,72.00
venda_maquina_zet,62ef13da-cbd8-4612-bebc-4e594034fe8c,2025-12-27 19:01,DEBITO_MAQUINA,19.80,1.80,18.00
venda_maquina_zet,630d9a27-47a1-432b-8a6e-0907f4c73464,2025-12-28 19:23,DEBITO_MAQUINA,79.20,7.20,72.00
venda_maquina_zet,6324cc4d-cef2-48c5-88d8-b6f652d00907,2025-12-24 18:55,DEBITO_MAQUINA,99.00,9.00,90.00
venda_maquina_zet,633a40b1-2081-4e86-bd04-5dbb73754e78,2025-12-20 18:58,DEBITO_MAQUINA,74.80,6.80,68.00
venda_maquina_zet,6360e68c-db77-436c-b0e8-0c50551f7460,2025-11-30 19:38,PIX_MAQUINA,19.80,1.80,18.00
venda_maquina_zet,636b01f5-664d-4210-83a2-2c3661bd58e1,2025-12-23 21:46,DEBITO_MAQUINA,19.80,1.80,18.00
venda_maquina_zet,636f005d-8c82-4d7c-91f4-e1e8c78f293c,2025-12-14 18:52,DEBITO_MAQUINA,19.80,1.80,18.00
venda_maquina_zet,63dcbe0d-27f0-4bf0-ba61-cbef36abad93,2025-12-18 22:24,DEBITO_MAQUINA,39.60,3.60,36.00
venda_maquina_zet,64309cbd-3e4b-4815-b0de-a9c1b1afb81d,2025-11-16 20:10,CREDITO_MAQUINA,79.20,7.20,72.00
venda_maquina_zet,64485287-5026-4ad0-9467-5c4b5ede52cb,2025-11-20 20:25,DEBITO_MAQUINA,39.60,3.60,36.00
venda_maquina_zet,64a29e78-47c7-4c50-b511-fe8f0ae1dd1b,2025-11-20 22:11,CREDITO_MAQUINA,19.80,1.80,18.00
venda_maquina_zet,64a8d748-1fb2-4757-a84d-80cd989986d7,2025-12-23 18:07,DEBITO_MAQUINA,79.20,7.20,72.00
venda_maquina_zet,64cffd8b-43c0-463d-af73-84802b5b2ea1,2025-12-07 19:48,PIX_MAQUINA,19.80,1.80,18.00
venda_maquina_zet,64f0159b-fbef-4475-8cce-fb5fcc08cb9b,2025-12-15 19:04,CREDITO_MAQUINA,79.20,7.20,72.00
venda_maquina_zet,6557e5df-3ee5-477b-a3f4-e36bd744f5aa,2025-12-02 19:30,DEBITO_MAQUINA,39.60,3.60,36.00
venda_maquina_zet,65b408d7-dd3d-4dbb-98fd-f72e7bf060ed,2025-12-02 20:56,DEBITO_MAQUINA,39.60,3.60,36.00
venda_maquina_zet,65c44b98-c5bb-4407-a9d1-24f7a6780802,2025-12-21 18:47,DEBITO_MAQUINA,79.20,7.20,72.00
venda_maquina_zet,65fc3dc0-53d1-4c1d-adec-86881f3b256e,2025-12-14 19:04,DEBITO_MAQUINA,79.20,7.20,72.00
venda_maquina_zet,666312e9-53ba-42d8-8f08-73a70fc00b2e,2025-12-01 21:02,DEBITO_MAQUINA,19.80,1.80,18.00
venda_maquina_zet,66c1eb07-c53e-4335-a224-935984a4438f,2025-12-11 21:01,CREDITO_MAQUINA,99.00,9.00,90.00
venda_maquina_zet,670bf4a6-30fb-42f2-a668-e9ecd9290faa,2025-12-15 22:08,DEBITO_MAQUINA,79.20,7.20,72.00
venda_maquina_zet,6771b269-c18a-4f6a-a682-0287d3823c7e,2025-12-17 18:41,CREDITO_MAQUINA,39.60,3.60,36.00
venda_maquina_zet,6773cda6-eaf6-469c-9254-0f529afdb5c0,2025-12-07 20:52,DEBITO_MAQUINA,99.00,9.00,90.00
venda_maquina_zet,6818c1b4-6249-4b2f-8ad3-53f3455dfe76,2025-12-03 19:21,DEBITO_MAQUINA,39.60,3.60,36.00
venda_maquina_zet,6834263c-e8b0-42e6-906f-4bc0abc73350,2025-11-19 20:40,PIX_MAQUINA,39.60,3.60,36.00
venda_maquina_zet,685ac5af-56ee-42a8-93ba-dfe320091a78,2025-12-09 21:10,PIX_MAQUINA,19.80,1.80,18.00
venda_maquina_zet,68803687-cb07-4289-9a4b-d5c1c4ee432c,2025-12-20 19:40,CREDITO_MAQUINA,158.40,14.40,144.00
venda_maquina_zet,68ad92c8-2b26-4241-ab50-476a05bd064d,2025-12-15 20:44,DEBITO_MAQUINA,19.80,1.80,18.00
venda_maquina_zet,68d239d9-eb3e-43be-9180-0f1a7c83e093,2025-12-26 19:11,CREDITO_MAQUINA,19.80,1.80,18.00
venda_maquina_zet,68dd51f6-6ddc-4b77-b9b7-cee4a03301d9,2025-11-22 20:36,CREDITO_MAQUINA,39.60,3.60,36.00
venda_maquina_zet,68f05ea1-cccd-4a20-9f65-f35b36652c9f,2025-11-21 18:44,CREDITO_MAQUINA,59.40,5.40,54.00
venda_maquina_zet,69166b1e-ffae-4284-bf2b-503d36f8f6ac,2025-12-07 20:17,PIX_MAQUINA,79.20,7.20,72.00
venda_maquina_zet,6967fbe6-4333-4df7-9a9d-617bd4dc4625,2025-12-03 20:47,DEBITO_MAQUINA,19.80,1.80,18.00
venda_maquina_zet,698fd8b6-a20d-4e16-a6fb-b14248d30ea3,2025-12-18 18:55,DEBITO_MAQUINA,79.20,7.20,72.00
venda_maquina_zet,6993f1df-4996-4018-9461-06f678f79b2b,2025-12-28 20:16,PIX_MAQUINA,39.60,3.60,36.00
venda_maquina_zet,699ccf83-7e5d-427a-94b3-4b0a66605e55,2025-11-28 19:39,PIX_MAQUINA,99.00,9.00,90.00
venda_maquina_zet,699d8799-9689-47bf-a56b-2cb76a3a284e,2025-11-19 19:13,DEBITO_MAQUINA,19.80,1.80,18.00
venda_maquina_zet,69e0aaf3-1fbc-4731-80d0-49a662111bd3,2025-11-16 19:24,DEBITO_MAQUINA,178.20,16.20,162.00
venda_maquina_zet,6a2541d7-3f56-4496-9f9a-a59b53459cfc,2025-12-08 19:21,DEBITO_MAQUINA,19.80,1.80,18.00
venda_maquina_zet,6a692e9c-6611-4646-a89d-d3d2a2ec4918,2025-12-23 21:22,PIX_MAQUINA,19.80,1.80,18.00
venda_maquina_zet,6a7714ab-24b9-4864-ada2-758a22f96431,2025-12-01 19:27,DEBITO_MAQUINA,19.80,1.80,18.00
venda_maquina_zet,6a8ed73d-6ef0-432e-b9b7-e33dfcf373ff,2025-12-06 21:02,CREDITO_MAQUINA,198.00,18.00,180.00
venda_maquina_zet,6ab03b72-0140-4e3e-b14e-9fdfcaf01507,2025-11-29 22:57,DEBITO_MAQUINA,59.40,5.40,54.00
venda_maquina_zet,6ab8bbe8-acd1-47fd-8bbb-563daa92f918,2025-11-19 19:24,CREDITO_MAQUINA,19.80,1.80,18.00
venda_maquina_zet,6aefd0b7-20ae-414d-bc3d-38de2dbeceec,2025-12-01 20:18,PIX_MAQUINA,39.60,3.60,36.00
venda_maquina_zet,6b5e7198-e518-4273-a218-95ff6333a1be,2025-12-06 20:29,DEBITO_MAQUINA,39.60,3.60,36.00
venda_maquina_zet,6bd5a3f0-de20-4430-955a-15023edca150,2025-11-27 22:16,DEBITO_MAQUINA,39.60,3.60,36.00
venda_maquina_zet,6be33dd2-1e65-428f-a62b-7109a8246815,2025-12-13 21:21,CREDITO_MAQUINA,19.80,1.80,18.00
venda_maquina_zet,6c456778-3eeb-4a46-854d-baed20a918f0,2025-12-20 21:03,DEBITO_MAQUINA,79.20,7.20,72.00
venda_maquina_zet,6c6a4d46-65f0-4fab-9ca9-595aa7c82d2d,2025-12-20 19:18,CREDITO_MAQUINA,79.20,7.20,72.00
venda_maquina_zet,6cde3418-43c5-4749-b486-217e6cff0444,2025-11-30 19:45,DEBITO_MAQUINA,19.80,1.80,18.00
venda_maquina_zet,6cfe0551-701d-47bd-8d77-f5cb2a9b1e32,2025-11-21 19:03,CREDITO_MAQUINA,59.40,5.40,54.00
venda_maquina_zet,6d28ae7e-884d-4699-9683-2cf64cf49228,2025-12-21 21:15,CREDITO_MAQUINA,19.80,1.80,18.00
venda_maquina_zet,6d290501-2939-4dc3-94a5-63f9393c07c6,2025-12-28 22:12,CREDITO_MAQUINA,158.40,14.40,144.00
venda_maquina_zet,6db84023-960a-4091-8842-3ca941476788,2025-12-01 19:34,CREDITO_MAQUINA,19.80,1.80,18.00
venda_maquina_zet,6dcce1a9-3481-40dc-af66-190f89dd8bc8,2025-12-13 20:53,DEBITO_MAQUINA,39.60,3.60,36.00
venda_maquina_zet,6e3fe005-94b2-49c2-ad9c-ebf1dbf32be5,2025-12-15 20:33,PIX_MAQUINA,19.80,1.80,18.00
venda_maquina_zet,6e46ae10-6f8c-415d-b03a-c92eec837889,2025-11-21 21:00,DEBITO_MAQUINA,39.60,3.60,36.00
venda_maquina_zet,6e603a50-7fcf-4ee9-a8a1-d6edb5fc13a2,2025-12-04 20:45,PIX_MAQUINA,19.80,1.80,18.00
venda_maquina_zet,6e8fe742-f244-409f-912c-8ffd59d2487a,2025-12-27 18:54,CREDITO_MAQUINA,158.40,14.40,144.00
venda_maquina_zet,6f398043-fc19-414d-a49c-843ea0f9c726,2025-11-20 20:28,CREDITO_MAQUINA,118.80,10.80,108.00
venda_maquina_zet,6f410037-47c9-4a31-898d-587811030315,2025-12-02 22:05,DEBITO_MAQUINA,19.80,1.80,18.00
venda_maquina_zet,6f7321c6-413c-4d38-8473-40e5aee3d137,2025-12-25 18:55,DEBITO_MAQUINA,138.60,12.60,126.00
venda_maquina_zet,6fcce349-821c-4966-8998-9dd0d23f6d81,2025-12-07 20:55,CREDITO_MAQUINA,59.40,5.40,54.00
venda_maquina_zet,6fd99bd4-54f2-421a-8f02-0d34d60d4c51,2025-12-26 18:40,CREDITO_MAQUINA,27.50,2.50,25.00
venda_maquina_zet,6ffff128-4e51-4a37-a286-385586079d24,2025-12-29 19:52,DEBITO_MAQUINA,19.80,1.80,18.00
venda_maquina_zet,703e2127-95b4-43c2-bbff-7fd35c30d7d7,2025-12-18 21:25,DEBITO_MAQUINA,39.60,3.60,36.00
venda_maquina_zet,70711804-016c-4f35-be67-67c3da86ae3b,2025-12-14 18:23,DEBITO_MAQUINA,39.60,3.60,36.00
venda_maquina_zet,708e27d7-fce6-4def-9816-26e8b0d0e1fb,2025-12-25 19:27,CREDITO_MAQUINA,39.60,3.60,36.00
venda_maquina_zet,70946f5a-9b89-4e1e-bf51-40f38edd4a91,2025-12-04 19:02,CREDITO_MAQUINA,19.80,1.80,18.00
venda_maquina_zet,70e50e6d-12f4-49b3-9938-8ab715396d8f,2025-12-19 22:09,DEBITO_MAQUINA,19.80,1.80,18.00
venda_maquina_zet,70fe5afc-233c-4688-b170-3ae604d50e72,2025-12-23 21:26,DEBITO_MAQUINA,19.80,1.80,18.00
venda_maquina_zet,711ae452-1eff-4d0a-b3d6-8a4bf4def45a,2025-12-17 19:49,DEBITO_MAQUINA,19.80,1.80,18.00
venda_maquina_zet,7160dda2-a413-428c-9c91-50d5ea6b4b8d,2025-11-21 19:56,CREDITO_MAQUINA,39.60,3.60,36.00
venda_maquina_zet,71ce8d4d-6981-4bb9-ae99-4551871821ee,2025-11-23 19:15,CREDITO_MAQUINA,59.40,5.40,54.00
venda_maquina_zet,721a897c-2540-47e9-ad1a-242f0968d193,2025-12-28 18:53,CREDITO_MAQUINA,99.00,9.00,90.00
venda_maquina_zet,724aa2a6-85e3-472c-bd20-7822c48f4ec8,2025-11-28 19:13,CREDITO_MAQUINA,19.80,1.80,18.00
venda_maquina_zet,7268540e-ee71-41b5-a4b5-575a8b95da11,2025-12-20 18:53,CREDITO_MAQUINA,99.00,9.00,90.00
venda_maquina_zet,72e24cc0-0fa6-40a3-9d5a-85c7822ee06e,2025-12-17 19:25,CREDITO_MAQUINA,118.80,10.80,108.00
venda_maquina_zet,73690e41-9cca-4308-a64d-f56cc68d25f9,2025-12-22 19:23,DEBITO_MAQUINA,59.40,5.40,54.00
venda_maquina_zet,73d30589-1ce5-4748-9ef8-3804a6bcd863,2025-12-02 20:20,CREDITO_MAQUINA,19.80,1.80,18.00
venda_maquina_zet,74040d63-a492-4955-9a0a-ee76ad5401d8,2025-11-29 21:26,DEBITO_MAQUINA,59.40,5.40,54.00
venda_maquina_zet,745221a5-4ca7-4b44-8141-0eea6999bc20,2025-12-14 18:51,CREDITO_MAQUINA,118.80,10.80,108.00
venda_maquina_zet,74b8f8f1-548a-4caa-8ba5-7489d93ca53f,2025-12-23 19:15,DEBITO_MAQUINA,59.40,5.40,54.00
venda_maquina_zet,750e76b4-5ef4-4a91-9539-086daa093c28,2025-12-29 19:16,DEBITO_MAQUINA,79.20,7.20,72.00
venda_maquina_zet,75a1b275-bc8f-48cf-84f1-d28843d4eb4a,2025-12-18 18:53,DEBITO_MAQUINA,19.80,1.80,18.00
venda_maquina_zet,7641b382-1bdc-4403-a269-6a03a24b0a0a,2025-11-21 19:08,CREDITO_MAQUINA,39.60,3.60,36.00
venda_maquina_zet,764e227a-7f06-4b4a-a2bd-88b0cb6cfb09,2025-12-06 20:44,CREDITO_MAQUINA,99.00,9.00,90.00
venda_maquina_zet,7693ea6b-f409-471f-8760-acaaf13af90c,2025-12-11 21:57,DEBITO_MAQUINA,39.60,3.60,36.00
venda_maquina_zet,76a487e0-ad1b-49bd-8dc6-8da49ba84cae,2025-12-10 20:38,DEBITO_MAQUINA,99.00,9.00,90.00
venda_maquina_zet,76b6b804-fbc8-4e96-b83a-7701faceac55,2025-12-20 19:06,DEBITO_MAQUINA,79.20,7.20,72.00
venda_maquina_zet,77861525-2bd8-48e2-ae0d-d7f8757e662d,2025-12-22 19:34,DEBITO_MAQUINA,79.20,7.20,72.00
venda_maquina_zet,77c79718-8558-4147-8beb-babd6b883aac,2025-12-13 20:45,PIX_MAQUINA,19.80,1.80,18.00
venda_maquina_zet,7800bf7a-abee-49f3-8950-12897add1549,2025-12-02 19:28,DEBITO_MAQUINA,19.80,1.80,18.00
venda_maquina_zet,78205aa7-d29d-4203-b2f5-0338b65e6557,2025-11-24 18:57,CREDITO_MAQUINA,158.40,14.40,144.00
venda_maquina_zet,789a4753-070e-4935-bd39-2baae80fbf4b,2025-12-04 22:17,PIX_MAQUINA,118.80,10.80,108.00
venda_maquina_zet,78a3f4d2-3c55-4fea-a113-b06476886962,2025-12-28 19:21,CREDITO_MAQUINA,59.40,5.40,54.00
venda_maquina_zet,78db970e-0d7a-4bd2-8d52-337174c5a929,2025-11-16 20:47,PIX_MAQUINA,79.20,7.20,72.00
venda_maquina_zet,797c46c7-d37a-43c7-8fbb-008fa5baed38,2025-11-20 20:17,DEBITO_MAQUINA,99.00,9.00,90.00
venda_maquina_zet,79832123-b4e1-4307-8cd6-24cb0253f8bd,2025-12-15 19:01,CREDITO_MAQUINA,59.40,5.40,54.00
venda_maquina_zet,79ce4cf1-abfc-4e47-9c6e-7f5026dac2ba,2025-12-03 19:44,DEBITO_MAQUINA,47.30,4.30,43.00
venda_maquina_zet,7a5ddaa3-f52b-4cbe-b321-6247a9363e42,2025-12-26 18:27,CREDITO_MAQUINA,39.60,3.60,36.00
venda_maquina_zet,7aaa6479-cb4c-47c9-9241-5abeb6929642,2025-12-12 20:08,DEBITO_MAQUINA,19.80,1.80,18.00
venda_maquina_zet,7ac1bff2-bbf9-4f44-a261-3377ad4584d7,2025-12-17 18:49,DEBITO_MAQUINA,19.80,1.80,18.00
venda_maquina_zet,7aea6e81-4ea6-4432-ab83-d5a47ea55214,2025-12-20 17:53,PIX_MAQUINA,198.00,18.00,180.00
venda_maquina_zet,7afc9c94-8b84-4bc5-84ab-aeddfe2c9cb0,2025-12-17 21:05,DEBITO_MAQUINA,19.80,1.80,18.00
venda_maquina_zet,7b62b62b-1abf-4ea4-9f32-cd7ed8d8e259,2025-12-05 19:48,DEBITO_MAQUINA,19.80,1.80,18.00
venda_maquina_zet,7b984413-143f-40fe-9461-dcb1be4bf99e,2025-12-03 19:19,CREDITO_MAQUINA,19.80,1.80,18.00
venda_maquina_zet,7b9c7c69-83ad-4c07-83f3-be5c8e598d77,2025-12-07 21:11,DEBITO_MAQUINA,79.20,7.20,72.00
venda_maquina_zet,7ba7119a-12cb-4250-8591-a92ccbc44462,2025-11-20 18:59,PIX_MAQUINA,19.80,1.80,18.00
venda_maquina_zet,7bb3ff53-5e0f-4827-8ca0-b00dd8684271,2025-12-11 20:12,PIX_MAQUINA,19.80,1.80,18.00
venda_maquina_zet,7bd4e885-0246-4b88-bbaf-196e8a00312e,2025-12-25 19:46,PIX_MAQUINA,19.80,1.80,18.00
venda_maquina_zet,7bf2fcbb-f836-4425-aa45-f4e4fe7f3795,2025-12-21 21:03,DEBITO_MAQUINA,39.60,3.60,36.00
venda_maquina_zet,7c382026-f3b1-4c6d-8fca-dbd414f4af5b,2025-12-26 19:15,PIX_MAQUINA,99.00,9.00,90.00
venda_maquina_zet,7c438d53-7d25-4a05-b915-32c53bc49434,2025-12-13 18:47,DEBITO_MAQUINA,79.20,7.20,72.00
venda_maquina_zet,7ca8e57f-0493-4459-906b-be89896e734d,2025-12-03 19:16,PIX_MAQUINA,59.40,5.40,54.00
venda_maquina_zet,7d58c633-423d-4cf2-96f6-3fdbd87979c2,2025-11-22 18:52,CREDITO_MAQUINA,79.20,7.20,72.00
venda_maquina_zet,7d86ba62-36a3-4cb5-91f1-0505e4cc83be,2025-12-07 20:58,DEBITO_MAQUINA,138.60,12.60,126.00
venda_maquina_zet,7dab9b15-558b-4c12-bc9c-839fb5f0a9d5,2025-12-18 21:14,PIX_MAQUINA,39.60,3.60,36.00
venda_maquina_zet,7dc2e012-947c-4ac0-9847-072c97ff5d8f,2025-12-02 21:48,DEBITO_MAQUINA,118.80,10.80,108.00
venda_maquina_zet,7e08d7bd-bb15-496c-9b97-eac8f3bb4fd2,2025-12-26 19:13,CREDITO_MAQUINA,59.40,5.40,54.00
venda_maquina_zet,7e29b462-2ffa-4cf2-b09a-f4b580162e39,2025-12-08 19:54,CREDITO_MAQUINA,19.80,1.80,18.00
venda_maquina_zet,7e7878b8-521b-4dc4-a7d7-e1b1c6f213bb,2025-12-26 19:07,DEBITO_MAQUINA,99.00,9.00,90.00
venda_maquina_zet,7e8de8b9-8ee2-436d-a556-0ea84837d7c3,2025-12-05 18:29,DEBITO_MAQUINA,79.20,7.20,72.00
venda_maquina_zet,7fc34cd5-163b-4467-8c91-978c3d53be68,2025-12-21 18:55,CREDITO_MAQUINA,79.20,7.20,72.00
venda_maquina_zet,7fdf3d3e-0f3f-4cc9-8d96-627283c59e5a,2025-11-16 20:56,CREDITO_MAQUINA,19.80,1.80,18.00
venda_maquina_zet,809ccce5-9ad8-4180-a819-77a3d177b410,2025-12-02 19:27,DEBITO_MAQUINA,19.80,1.80,18.00
venda_maquina_zet,80d75032-8be2-4ff3-89cf-bcf1bcd2eb31,2025-12-25 19:05,PIX_MAQUINA,39.60,3.60,36.00
venda_maquina_zet,81171a06-8802-4983-b271-cde669115de1,2025-11-26 20:07,DEBITO_MAQUINA,19.80,1.80,18.00
venda_maquina_zet,81c4cb21-a368-4135-979f-b4945a6e13c6,2025-12-06 21:21,DEBITO_MAQUINA,19.80,1.80,18.00
venda_maquina_zet,81d709a4-0440-4e75-a8e7-10f92ac9c63a,2025-12-04 20:23,DEBITO_MAQUINA,19.80,1.80,18.00
venda_maquina_zet,824bcc50-c53b-41bc-827d-05a48a7be1ea,2025-12-24 20:31,PIX_MAQUINA,19.80,1.80,18.00
venda_maquina_zet,82cab421-1e01-4f30-8a65-938c05451d30,2025-12-08 20:23,DEBITO_MAQUINA,99.00,9.00,90.00
venda_maquina_zet,82f6f516-d0c0-42aa-807a-a2258d85e3a3,2025-11-17 19:53,DEBITO_MAQUINA,39.60,3.60,36.00
venda_maquina_zet,833bd34e-340e-474c-ba20-7c855a7bdb74,2025-12-25 19:19,PIX_MAQUINA,99.00,9.00,90.00
venda_maquina_zet,8341a742-3e0a-4110-9d06-33a4edf8336c,2025-12-23 17:54,PIX_MAQUINA,79.20,7.20,72.00
venda_maquina_zet,839a2a7a-5889-4278-8fec-47af210c0e51,2025-12-23 20:43,PIX_MAQUINA,138.60,12.60,126.00
venda_maquina_zet,839c549c-1a09-4a03-a14c-143bbc3e0475,2026-01-02 20:13,DEBITO_MAQUINA,19.80,1.80,18.00
venda_maquina_zet,841c457d-4ddc-470f-95f2-2bcdfbd42cee,2025-12-07 20:34,CREDITO_MAQUINA,99.00,9.00,90.00
venda_maquina_zet,842e4441-53f1-41d9-b5e2-dab6a1f82492,2025-12-23 20:44,DEBITO_MAQUINA,19.80,1.80,18.00
venda_maquina_zet,8438f200-2e13-44c2-9dd0-71d6c744ad75,2025-12-14 18:18,DEBITO_MAQUINA,79.20,7.20,72.00
venda_maquina_zet,843b02ff-2b63-44a5-a99d-2d20fb6b756c,2025-12-22 19:04,DEBITO_MAQUINA,59.40,5.40,54.00
venda_maquina_zet,843dd7d7-1ecb-4dc6-b782-2e04c3a9c1dd,2025-12-26 18:54,DEBITO_MAQUINA,59.40,5.40,54.00
venda_maquina_zet,8440ebb0-2f30-4452-a0a9-b3b283020177,2025-12-29 20:30,DEBITO_MAQUINA,19.80,1.80,18.00
venda_maquina_zet,84858f78-742d-401f-8ba6-c3f4ceefdcd5,2025-12-07 21:17,DEBITO_MAQUINA,39.60,3.60,36.00
venda_maquina_zet,84b6017f-bad1-4f7b-881b-414bea1c7ed8,2025-12-06 21:42,CREDITO_MAQUINA,39.60,3.60,36.00
venda_maquina_zet,84c6fa85-f6a4-45f3-9f6e-86b88f83e286,2025-12-23 18:05,DEBITO_MAQUINA,19.80,1.80,18.00
venda_maquina_zet,84eb8eb7-0816-4e87-8edd-ad2bd8b0ffef,2025-12-26 18:31,DEBITO_MAQUINA,118.80,10.80,108.00
venda_maquina_zet,84f8ee0d-6086-4b85-9a01-0205793ecb53,2025-11-29 19:16,DEBITO_MAQUINA,39.60,3.60,36.00
venda_maquina_zet,858fc9e6-a6b7-4b70-9a5a-8020bde0e696,2025-12-22 19:56,DEBITO_MAQUINA,39.60,3.60,36.00
venda_maquina_zet,859bd520-285f-45a9-ba89-4ddc7c7f621d,2025-12-06 21:26,DEBITO_MAQUINA,19.80,1.80,18.00
venda_maquina_zet,85caee4b-0ee0-4f97-bd3a-8e624ca1a357,2025-12-13 19:54,DEBITO_MAQUINA,19.80,1.80,18.00
venda_maquina_zet,85f8cf69-a58d-4855-99be-67d49d770de4,2025-12-06 21:36,DEBITO_MAQUINA,39.60,3.60,36.00
venda_maquina_zet,86296371-32f5-484a-b375-e01d8542c76b,2025-12-18 21:28,PIX_MAQUINA,79.20,7.20,72.00
venda_maquina_zet,864e238a-ea0c-4b8c-9abe-81f96ce1dc26,2025-12-20 19:21,DEBITO_MAQUINA,39.60,3.60,36.00
venda_maquina_zet,865daca3-7411-4369-9068-2283e3bf59c3,2025-12-20 19:21,PIX_MAQUINA,99.00,9.00,90.00
venda_maquina_zet,87475c37-e7e5-4aa2-8e46-25fee1ec85de,2025-12-14 18:39,DEBITO_MAQUINA,39.60,3.60,36.00
venda_maquina_zet,87731541-3117-4249-8595-01f0d28d8847,2025-12-26 21:15,DEBITO_MAQUINA,19.80,1.80,18.00
venda_maquina_zet,877d7f7c-730f-4a96-9dc9-94e2e4c1cebe,2025-12-22 18:48,PIX_MAQUINA,99.00,9.00,90.00
venda_maquina_zet,8788c375-926c-4818-8d95-13329e3cc162,2026-01-02 21:22,PIX_MAQUINA,19.80,1.80,18.00
venda_maquina_zet,87d70abf-1292-41aa-817f-080fe0c409d4,2025-12-06 21:59,CREDITO_MAQUINA,39.60,3.60,36.00
venda_maquina_zet,87de8ec0-c62c-43f4-ba18-b4df084e0ba9,2025-12-23 21:22,PIX_MAQUINA,19.80,1.80,18.00
venda_maquina_zet,87f70c60-3400-4ee7-951d-a4c2992353ba,2025-12-23 18:42,CREDITO_MAQUINA,19.80,1.80,18.00
venda_maquina_zet,8830e514-7170-4645-af2c-dca5e11498b7,2025-12-26 18:19,DEBITO_MAQUINA,158.40,14.40,144.00
venda_maquina_zet,8834e890-90e2-4c10-bc10-9c679adc07d5,2025-12-13 18:59,DEBITO_MAQUINA,79.20,7.20,72.00
venda_maquina_zet,88a711a4-f3ae-44b9-b440-36b9af8b1a66,2025-12-20 20:46,CREDITO_MAQUINA,19.80,1.80,18.00
venda_maquina_zet,88c7cb7b-55c2-4241-8415-021f1fdc7cf4,2025-12-23 18:41,DEBITO_MAQUINA,39.60,3.60,36.00
venda_maquina_zet,8900e50f-ff37-4f20-bcbd-0c9f3627269d,2025-12-26 19:03,CREDITO_MAQUINA,118.80,10.80,108.00
venda_maquina_zet,8919f09e-b60c-4551-9ceb-e227a7257dfe,2025-12-17 19:43,CREDITO_MAQUINA,19.80,1.80,18.00
venda_maquina_zet,897996ab-89d1-4bdd-9b69-d2f968be60dd,2025-11-19 19:20,DEBITO_MAQUINA,79.20,7.20,72.00
venda_maquina_zet,89ac0965-fe8c-45a2-9843-b15d2493d167,2025-12-08 19:31,PIX_MAQUINA,19.80,1.80,18.00
venda_maquina_zet,89d15f8a-d270-42e9-a174-7202a0d9209b,2025-12-14 18:39,DEBITO_MAQUINA,39.60,3.60,36.00
venda_maquina_zet,8a3d85bf-f188-4b83-b6c2-c8b1a141f6b8,2025-12-04 19:52,CREDITO_MAQUINA,39.60,3.60,36.00
venda_maquina_zet,8a713343-6b4e-47f0-ac90-6cb14d700829,2025-12-06 21:38,DEBITO_MAQUINA,19.80,1.80,18.00
venda_maquina_zet,8ad25ae1-c805-49fb-af19-aa647926a8cf,2025-12-03 19:19,DEBITO_MAQUINA,19.80,1.80,18.00
venda_maquina_zet,8b346388-b9cc-48a1-9465-e39382c97b04,2025-12-10 20:48,PIX_MAQUINA,79.20,7.20,72.00
venda_maquina_zet,8c065eb9-a6ac-4e94-9891-07215924bbd9,2025-12-05 22:19,DEBITO_MAQUINA,19.80,1.80,18.00
venda_maquina_zet,8c4c8515-1c7e-4503-be0d-4ae998335424,2025-12-15 20:36,DEBITO_MAQUINA,99.00,9.00,90.00
venda_maquina_zet,8c812328-ccea-41b1-87a9-302e6432f2b8,2025-11-22 22:37,CREDITO_MAQUINA,79.20,7.20,72.00
venda_maquina_zet,8cad6f9d-3a70-4b63-9236-fd258813a7ba,2025-12-26 18:54,DEBITO_MAQUINA,39.60,3.60,36.00
venda_maquina_zet,8d2995f0-2bf2-41cc-9158-73814f58d44a,2025-12-20 18:59,CREDITO_MAQUINA,27.50,2.50,25.00
venda_maquina_zet,8d572970-ff0c-4e7a-a173-4c15be8a240c,2025-11-24 19:04,PIX_MAQUINA,19.80,1.80,18.00
venda_maquina_zet,8d6f45d9-e5f3-4162-9ea7-9ac45255090f,2025-12-25 19:22,PIX_MAQUINA,39.60,3.60,36.00
venda_maquina_zet,8d995f89-769f-48c2-b510-555d7303d064,2025-12-15 19:36,CREDITO_MAQUINA,19.80,1.80,18.00
venda_maquina_zet,8e11581a-6208-49c4-8487-4eada094060e,2025-12-02 20:16,DEBITO_MAQUINA,19.80,1.80,18.00
venda_maquina_zet,8e822d4b-7fa1-4127-a984-7a082bd3b7f7,2025-12-13 22:55,PIX_MAQUINA,118.80,10.80,108.00
venda_maquina_zet,8fc45a6d-75f0-40b6-a7fd-60183cd40a4d,2025-12-07 20:49,CREDITO_MAQUINA,19.80,1.80,18.00
venda_maquina_zet,901b200f-cf97-4e81-9367-e4ac36494d0f,2025-12-28 20:08,PIX_MAQUINA,118.80,10.80,108.00
venda_maquina_zet,90437db4-031a-421c-8028-65e7abd03fa1,2025-12-23 18:08,DEBITO_MAQUINA,99.00,9.00,90.00
venda_maquina_zet,90ae9188-c22c-4032-a3a9-ba45960e7a9b,2025-12-28 18:34,DEBITO_MAQUINA,59.40,5.40,54.00
venda_maquina_zet,90f6b764-f295-4bff-b412-98ce6d88169f,2025-11-16 19:36,CREDITO_MAQUINA,39.60,3.60,36.00
venda_maquina_zet,90ff7a45-a88b-4b5f-a35d-0ed736fc84f0,2025-11-30 19:28,DEBITO_MAQUINA,79.20,7.20,72.00
venda_maquina_zet,91119c8f-64f0-4edc-84c9-3a291e5411c3,2025-12-22 18:58,DEBITO_MAQUINA,39.60,3.60,36.00
venda_maquina_zet,91201018-d245-40be-8649-b43794845eb9,2025-12-14 18:53,CREDITO_MAQUINA,99.00,9.00,90.00
venda_maquina_zet,9128d5bd-a3d4-46b7-8f33-f9c4b5ce4546,2025-11-21 20:43,PIX_MAQUINA,99.00,9.00,90.00
venda_maquina_zet,919f098d-3ec2-4c9a-baed-ec5893aed20f,2025-12-16 20:14,DEBITO_MAQUINA,39.60,3.60,36.00
venda_maquina_zet,91a5090d-22e5-4f2a-a459-868f4fb4632c,2025-12-25 19:25,CREDITO_MAQUINA,99.00,9.00,90.00
venda_maquina_zet,9251eac4-20bc-4754-a911-118a7a2fd7bd,2025-11-22 21:00,DEBITO_MAQUINA,19.80,1.80,18.00
venda_maquina_zet,92757132-180e-4ae0-b6f1-a4a725ec95a4,2025-11-16 19:14,CREDITO_MAQUINA,118.80,10.80,108.00
venda_maquina_zet,928022ba-d428-451d-9e41-126638f1fded,2025-12-11 19:12,PIX_MAQUINA,39.60,3.60,36.00
venda_maquina_zet,928103df-1778-44a7-a2af-bcfa4cc16db2,2025-12-06 21:16,PIX_MAQUINA,19.80,1.80,18.00
venda_maquina_zet,928638b5-fea1-4f65-8cf8-7eb1ea1593f9,2025-12-04 19:01,DEBITO_MAQUINA,39.60,3.60,36.00
venda_maquina_zet,929d6700-995b-40c2-96a8-6285ef1b4933,2025-12-06 20:42,DEBITO_MAQUINA,79.20,7.20,72.00
venda_maquina_zet,93753d28-b661-4b12-8969-c52587fddfa4,2025-12-08 19:20,CREDITO_MAQUINA,19.80,1.80,18.00
venda_maquina_zet,943423da-3e9f-46e6-9d12-35b66563a3a6,2025-12-20 19:34,PIX_MAQUINA,19.80,1.80,18.00
venda_maquina_zet,9460081b-b7c5-42d1-8c2b-2db8b00a8163,2025-12-27 20:13,CREDITO_MAQUINA,19.80,1.80,18.00
venda_maquina_zet,94674924-d75b-47c5-85cc-6b4cbdf00d75,2025-12-02 19:31,PIX_MAQUINA,59.40,5.40,54.00
venda_maquina_zet,947018be-8478-49e9-bec3-98d3cbe33502,2025-12-06 18:36,PIX_MAQUINA,79.20,7.20,72.00
venda_maquina_zet,947b6dc8-0ec0-4eb5-ba82-c2ca3b7ff64a,2025-12-22 20:47,DEBITO_MAQUINA,118.80,10.80,108.00
venda_maquina_zet,94b08493-3d13-4bf9-a696-f0edf0602fe6,2025-12-15 20:16,CREDITO_MAQUINA,19.80,1.80,18.00
venda_maquina_zet,94d3c38d-1c6c-4224-b78d-9024e7a08838,2025-12-28 18:59,PIX_MAQUINA,39.60,3.60,36.00
venda_maquina_zet,95034d29-4b4b-423f-a2d7-96a045b9037f,2025-12-13 19:02,CREDITO_MAQUINA,59.40,5.40,54.00
venda_maquina_zet,9560e6c8-2336-4bc0-aecb-ba2d4eabde69,2025-12-15 19:15,CREDITO_MAQUINA,158.40,14.40,144.00
venda_maquina_zet,956bdcf0-d2e8-476d-841b-bdfcaffad72c,2025-12-23 19:13,DEBITO_MAQUINA,39.60,3.60,36.00
venda_maquina_zet,959f643f-5dcf-4e35-85fb-c992d91de759,2025-11-29 21:16,DEBITO_MAQUINA,19.80,1.80,18.00
venda_maquina_zet,963e6f35-78ea-45c5-a0b0-23599a2f7056,2025-12-26 18:58,DEBITO_MAQUINA,79.20,7.20,72.00
venda_maquina_zet,9665b05a-9aee-402f-b16c-a7fa7d02b070,2025-12-22 19:09,PIX_MAQUINA,118.80,10.80,108.00
venda_maquina_zet,96f27f48-2a68-4901-8588-cf226199ca6c,2025-12-07 21:09,CREDITO_MAQUINA,79.20,7.20,72.00
venda_maquina_zet,96f68efc-6261-496a-b62e-c3f1e1f7bb70,2025-12-09 21:00,PIX_MAQUINA,19.80,1.80,18.00
venda_maquina_zet,9785bc3c-356d-48cc-b7a5-736e08619847,2025-12-12 20:26,CREDITO_MAQUINA,19.80,1.80,18.00
venda_maquina_zet,979a1d19-1834-4f37-a84a-d3f53dcb0d84,2025-12-05 19:37,DEBITO_MAQUINA,19.80,1.80,18.00
venda_maquina_zet,9809346e-dd41-4cb5-a0ff-aca22ad7e1e9,2025-12-22 20:23,CREDITO_MAQUINA,19.80,1.80,18.00
venda_maquina_zet,9876472b-a608-40e8-8543-cc037b07ae4f,2025-12-14 19:23,DEBITO_MAQUINA,19.80,1.80,18.00
venda_maquina_zet,987c49c9-6fe7-4c91-93f1-e547679cdf27,2025-11-21 20:03,DEBITO_MAQUINA,99.00,9.00,90.00
venda_maquina_zet,98a42e12-743d-406c-b04b-8108e6bb7fcf,2025-12-01 21:01,PIX_MAQUINA,39.60,3.60,36.00
venda_maquina_zet,99a1de84-a43e-4fc6-aa90-254db982cdbe,2025-12-16 19:08,DEBITO_MAQUINA,19.80,1.80,18.00
venda_maquina_zet,99f5ba21-13ec-4048-8d25-a3fd4685689f,2025-11-19 19:21,CREDITO_MAQUINA,19.80,1.80,18.00
venda_maquina_zet,9a09c690-f1eb-4b93-9f6f-5de5e6789e55,2025-11-30 20:00,DEBITO_MAQUINA,39.60,3.60,36.00
venda_maquina_zet,9a45c83f-827f-4e08-840d-9f28e22e1402,2025-11-22 18:33,DEBITO_MAQUINA,79.20,7.20,72.00
venda_maquina_zet,9a727574-0049-49c2-8db0-ef0522fdca4c,2025-12-06 20:01,PIX_MAQUINA,19.80,1.80,18.00
venda_maquina_zet,9b37a7b5-f90b-4d69-befb-23373aac7aa3,2025-12-19 18:58,CREDITO_MAQUINA,79.20,7.20,72.00
venda_maquina_zet,9bc3fb31-e55c-4e46-a594-c2acd64505e2,2025-12-16 22:06,DEBITO_MAQUINA,59.40,5.40,54.00
venda_maquina_zet,9bfef9b5-1116-47a1-9c86-6d6a99b31f48,2025-11-19 19:40,CREDITO_MAQUINA,39.60,3.60,36.00
venda_maquina_zet,9c0de2d7-7bac-4a37-a631-737aa9680726,2025-12-23 18:22,CREDITO_MAQUINA,74.80,6.80,68.00
venda_maquina_zet,9c17244b-413d-41e3-aa6e-4d7944cd24c1,2025-11-16 20:25,PIX_MAQUINA,79.20,7.20,72.00
venda_maquina_zet,9c316ca1-e1a6-41a1-8ac9-f9b47e4f7e7c,2025-12-14 19:40,CREDITO_MAQUINA,19.80,1.80,18.00
venda_maquina_zet,9c3ed3a5-0aec-4ed2-a392-cd944b0b3fee,2025-11-18 19:21,PIX_MAQUINA,79.20,7.20,72.00
venda_maquina_zet,9c423124-eb47-4a26-8e72-fe3f903b8cf8,2025-12-15 19:08,DEBITO_MAQUINA,141.90,12.90,129.00
venda_maquina_zet,9c7923e9-e2c2-43b2-aee6-f7230004c5c4,2025-12-09 22:07,CREDITO_MAQUINA,79.20,7.20,72.00
venda_maquina_zet,9c7a0c3f-45bf-4418-8b6a-8349da4233b3,2025-12-23 21:09,DEBITO_MAQUINA,99.00,9.00,90.00
venda_maquina_zet,9cadabaf-2768-497a-a0fa-b0891e39c8f9,2025-12-16 20:19,DEBITO_MAQUINA,19.80,1.80,18.00
venda_maquina_zet,9cc845dc-9f45-43d0-ba1a-dd5115367ac8,2025-12-22 19:25,DEBITO_MAQUINA,118.80,10.80,108.00
venda_maquina_zet,9d2e6431-b844-4d9b-a591-75217ab2f7d0,2025-11-20 18:56,DEBITO_MAQUINA,67.10,6.10,61.00
venda_maquina_zet,9d2ee0c3-8b7c-483a-82cd-c88043301db0,2025-11-22 21:58,DEBITO_MAQUINA,19.80,1.80,18.00
venda_maquina_zet,9d472c5f-0ad1-4c69-9aa1-deb248bf7cb2,2025-12-10 20:25,DEBITO_MAQUINA,19.80,1.80,18.00
venda_maquina_zet,9d681841-fc11-419c-a918-a22bd831038e,2025-12-25 18:44,DEBITO_MAQUINA,39.60,3.60,36.00
venda_maquina_zet,9e2044dc-0bbc-499a-a86f-315d8b386dbf,2025-11-15 20:14,CREDITO_MAQUINA,19.80,1.80,18.00
venda_maquina_zet,9e465262-f751-41fb-81cf-b2ab81668d9d,2025-12-18 18:50,CREDITO_MAQUINA,39.60,3.60,36.00
venda_maquina_zet,9e79d19e-93f8-43ad-b51c-709293a9aacd,2025-11-22 20:40,PIX_MAQUINA,19.80,1.80,18.00
venda_maquina_zet,9ecf81e8-359c-49f0-8eaf-9f4578dc5aad,2025-12-04 19:01,CREDITO_MAQUINA,19.80,1.80,18.00
venda_maquina_zet,9ef89dae-8d75-428a-bab4-f9cc6eb3f7df,2025-12-01 20:17,PIX_MAQUINA,59.40,5.40,54.00
venda_maquina_zet,9ef978b6-4384-4c68-9a90-5126a9f6920e,2025-11-20 22:13,DEBITO_MAQUINA,99.00,9.00,90.00
venda_maquina_zet,9f1e69d9-0b12-4e9e-a799-2a2d49887589,2025-12-18 22:14,CREDITO_MAQUINA,79.20,7.20,72.00
venda_maquina_zet,9fcac981-e89e-4710-814e-d4848588f94d,2025-12-13 18:58,PIX_MAQUINA,118.80,10.80,108.00
venda_maquina_zet,9fccd341-8b8c-4375-9e95-15efab177117,2025-12-07 18:40,DEBITO_MAQUINA,59.40,5.40,54.00
venda_maquina_zet,a002b06c-37f5-4ec8-8a0e-731c187350e4,2025-12-10 22:09,DEBITO_MAQUINA,39.60,3.60,36.00
venda_maquina_zet,a043d6d6-b4a8-44c0-bbf3-ad4207282a1e,2025-12-17 20:09,PIX_MAQUINA,59.40,5.40,54.00
venda_maquina_zet,a0820e2d-3e9b-49a2-bf0e-42413ba734c0,2025-12-14 18:57,DEBITO_MAQUINA,79.20,7.20,72.00
venda_maquina_zet,a0a42212-8958-43c7-bd6f-f955a17a5bf9,2025-12-25 18:49,DEBITO_MAQUINA,79.20,7.20,72.00
venda_maquina_zet,a0b728a5-a83f-429f-a58f-1ce8edaf0207,2025-12-17 19:22,DEBITO_MAQUINA,19.80,1.80,18.00
venda_maquina_zet,a0cfec96-b8b1-439d-ae17-eaa6218cb82b,2025-12-11 18:49,DEBITO_MAQUINA,39.60,3.60,36.00
venda_maquina_zet,a111f1cf-a350-46db-905d-b4df6f2e416f,2025-12-20 19:26,PIX_MAQUINA,118.80,10.80,108.00
venda_maquina_zet,a1215a5b-bb0e-431d-8dbe-30e209eefec7,2025-12-28 19:13,DEBITO_MAQUINA,19.80,1.80,18.00
venda_maquina_zet,a231f246-52d0-4802-80b9-9c481334585f,2025-12-20 19:23,DEBITO_MAQUINA,99.00,9.00,90.00
venda_maquina_zet,a27a755d-88c2-4335-a747-90036eb9b79d,2025-12-19 20:38,DEBITO_MAQUINA,19.80,1.80,18.00
venda_maquina_zet,a2ef24b5-46a9-4472-9f2b-acd3789657c9,2025-12-27 18:32,DEBITO_MAQUINA,79.20,7.20,72.00
venda_maquina_zet,a33d079d-d068-45f2-8718-2d8a89252740,2025-11-21 18:31,PIX_MAQUINA,99.00,9.00,90.00
venda_maquina_zet,a373bb1a-00fd-4171-aba2-b0734914a644,2025-11-24 20:15,PIX_MAQUINA,19.80,1.80,18.00
venda_maquina_zet,a3c23099-e0ab-4581-ac84-8e80e34ce0b2,2025-12-28 19:04,CREDITO_MAQUINA,79.20,7.20,72.00
venda_maquina_zet,a3d0c3d4-2c22-4487-9cdf-4094ab8f921c,2025-11-20 19:00,CREDITO_MAQUINA,79.20,7.20,72.00
venda_maquina_zet,a40fe71d-b10b-47d9-8d2e-067068c7509d,2025-11-16 19:26,DEBITO_MAQUINA,79.20,7.20,72.00
venda_maquina_zet,a4484fb3-1165-4ef9-8e7c-3d1784c89f0b,2025-12-17 19:35,CREDITO_MAQUINA,19.80,1.80,18.00
venda_maquina_zet,a46e9078-20a1-483a-847e-225c944d35ee,2025-11-23 19:17,CREDITO_MAQUINA,19.80,1.80,18.00
venda_maquina_zet,a4ad8996-690c-4453-8154-e214fbfacfd7,2025-12-22 21:10,DEBITO_MAQUINA,74.80,6.80,68.00
venda_maquina_zet,a4df3414-3d02-4a81-929a-e71555613735,2025-11-30 22:15,DEBITO_MAQUINA,99.00,9.00,90.00
venda_maquina_zet,a5290712-6e2f-42b9-8924-21cc9b6d6892,2025-12-22 19:33,CREDITO_MAQUINA,79.20,7.20,72.00
venda_maquina_zet,a5389e90-c6e2-4918-827e-a0e89f2ea677,2025-12-04 20:58,DEBITO_MAQUINA,39.60,3.60,36.00
venda_maquina_zet,a57a10f4-5324-4927-adc5-928ff5fd2e5b,2025-12-28 18:32,DEBITO_MAQUINA,39.60,3.60,36.00
venda_maquina_zet,a5aa43f7-146c-4c11-80c5-14001f78b08a,2025-12-13 18:41,CREDITO_MAQUINA,79.20,7.20,72.00
venda_maquina_zet,a5ccac8c-b525-4dc2-b8d0-08564374440f,2025-12-24 18:50,PIX_MAQUINA,99.00,9.00,90.00
venda_maquina_zet,a617c3d0-588c-4278-8639-0962e188cd1b,2025-12-01 22:14,DEBITO_MAQUINA,79.20,7.20,72.00
venda_maquina_zet,a62aa86d-a601-4c88-8d96-477d106385e4,2025-12-21 22:19,CREDITO_MAQUINA,79.20,7.20,72.00
venda_maquina_zet,a652e762-704f-4768-bc09-85df4239b028,2025-12-25 19:25,DEBITO_MAQUINA,19.80,1.80,18.00
venda_maquina_zet,a6a31087-5924-4554-84e7-324d49f53369,2025-12-11 20:51,CREDITO_MAQUINA,59.40,5.40,54.00
venda_maquina_zet,a6a908b8-c203-4aa6-9f77-8d06010e11ba,2025-12-16 20:43,DEBITO_MAQUINA,39.60,3.60,36.00
venda_maquina_zet,a7348b4b-183e-46b6-ada7-38e09b37566a,2025-12-25 20:39,PIX_MAQUINA,79.20,7.20,72.00
venda_maquina_zet,a7768f3e-280d-4dc3-99fd-4dd1cad98b25,2025-12-14 18:54,CREDITO_MAQUINA,39.60,3.60,36.00
venda_maquina_zet,a81dd412-0b3c-4f70-9a3c-281901ed08d6,2025-12-14 18:50,PIX_MAQUINA,19.80,1.80,18.00
venda_maquina_zet,a81f46ba-3d9b-40d9-af47-67d067169a24,2025-12-29 19:35,PIX_MAQUINA,19.80,1.80,18.00
venda_maquina_zet,a8a72b43-d98b-42d8-a7b3-e5584a5667ba,2025-12-07 21:08,CREDITO_MAQUINA,79.20,7.20,72.00
venda_maquina_zet,a8bc156f-5512-48fa-8671-7194243e0513,2025-12-27 20:51,DEBITO_MAQUINA,19.80,1.80,18.00
venda_maquina_zet,a8dc0bf1-7d7b-4ff8-993e-7bfe7f47e5d6,2025-12-07 21:12,DEBITO_MAQUINA,138.60,12.60,126.00
venda_maquina_zet,a936ebc4-8d8b-48b3-9a21-5bf8d1faa52d,2025-12-25 19:05,CREDITO_MAQUINA,59.40,5.40,54.00
venda_maquina_zet,a95339d7-ef81-445f-87ac-3efaf1f3089b,2025-12-20 20:57,PIX_MAQUINA,198.00,18.00,180.00
venda_maquina_zet,a9634ac1-da02-4c6f-ac94-a1a8356b0d7d,2025-12-03 19:44,CREDITO_MAQUINA,19.80,1.80,18.00
venda_maquina_zet,a964062b-9278-42fe-b318-d8dbf3f54071,2025-12-07 20:14,DEBITO_MAQUINA,19.80,1.80,18.00
venda_maquina_zet,a994a809-9cc8-43a9-8557-250be116f0d3,2025-11-16 20:04,DEBITO_MAQUINA,99.00,9.00,90.00
venda_maquina_zet,a9a348e1-6916-45dd-9cd9-5854a77b32ed,2025-12-25 19:04,CREDITO_MAQUINA,79.20,7.20,72.00
venda_maquina_zet,a9cdb81f-f16c-4340-8cd5-f8197db3588f,2025-12-14 18:55,DEBITO_MAQUINA,39.60,3.60,36.00
venda_maquina_zet,aa34efd7-a9bf-4a92-bd48-6d99417e2f7a,2025-12-26 20:50,DEBITO_MAQUINA,19.80,1.80,18.00
venda_maquina_zet,aa924efd-29e8-4152-b8c7-509caa787254,2025-12-17 19:57,PIX_MAQUINA,19.80,1.80,18.00
venda_maquina_zet,aac2a90c-801c-4f45-9f64-86aeabec6c97,2025-11-25 19:43,CREDITO_MAQUINA,19.80,1.80,18.00
venda_maquina_zet,aadfe5e9-0a9a-427d-938d-dee48c209cbf,2025-12-20 18:55,DEBITO_MAQUINA,59.40,5.40,54.00
venda_maquina_zet,ab14b319-843e-4b25-8243-a9ac3b766fad,2025-12-03 19:08,DEBITO_MAQUINA,79.20,7.20,72.00
venda_maquina_zet,ab58fbea-9433-413b-93f2-f08a32728854,2025-12-14 18:59,DEBITO_MAQUINA,39.60,3.60,36.00
venda_maquina_zet,ab8bef20-f09c-45b1-88ea-df3941bd79ad,2025-12-08 19:14,CREDITO_MAQUINA,79.20,7.20,72.00
venda_maquina_zet,abb25c87-ddf4-4058-a9d6-f13ec9a9ece7,2025-12-07 20:48,CREDITO_MAQUINA,178.20,16.20,162.00
venda_maquina_zet,ac25ce65-6593-4164-9783-097cc6eed7be,2025-11-27 18:40,PIX_MAQUINA,39.60,3.60,36.00
venda_maquina_zet,ac57e2b6-750a-4d79-9204-ce3c10f93be9,2025-12-20 21:37,PIX_MAQUINA,39.60,3.60,36.00
venda_maquina_zet,ac782ac3-597e-4140-842d-f605f3f39739,2025-12-01 22:35,CREDITO_MAQUINA,59.40,5.40,54.00
venda_maquina_zet,ac9a719e-b9df-4a59-a379-892b0dd6c56e,2025-11-16 20:48,DEBITO_MAQUINA,99.00,9.00,90.00
venda_maquina_zet,ad92c704-4760-4509-a146-eb27be5e0968,2025-12-30 20:33,CREDITO_MAQUINA,19.80,1.80,18.00
venda_maquina_zet,adf9bb70-7048-4d06-8186-f1c033eb7f33,2025-12-22 18:57,DEBITO_MAQUINA,79.20,7.20,72.00
venda_maquina_zet,aeb06a52-d3ef-40ba-87fb-d9733a83637e,2025-12-15 21:30,CREDITO_MAQUINA,39.60,3.60,36.00
venda_maquina_zet,aef21799-8b12-416b-9b8d-735833a388c4,2025-12-07 20:45,DEBITO_MAQUINA,39.60,3.60,36.00
venda_maquina_zet,af5af346-123e-4aad-a90d-931e6c3c1efe,2025-12-17 19:38,DEBITO_MAQUINA,79.20,7.20,72.00
venda_maquina_zet,af5d2843-e11f-4677-9b95-e82840c2b512,2025-12-04 20:30,DEBITO_MAQUINA,19.80,1.80,18.00
venda_maquina_zet,af62598c-d21d-4151-9d99-fc304676c23e,2025-12-25 18:57,DEBITO_MAQUINA,118.80,10.80,108.00
venda_maquina_zet,af8ab46c-717f-48fd-8b68-f483c38f0dca,2025-12-10 21:43,PIX_MAQUINA,19.80,1.80,18.00
venda_maquina_zet,afa15554-bfcb-442e-a8e8-2a978c7759a8,2025-12-05 20:03,CREDITO_MAQUINA,39.60,3.60,36.00
venda_maquina_zet,b01ad390-72e6-436f-8a65-b20d22be7585,2025-11-22 20:38,DEBITO_MAQUINA,99.00,9.00,90.00
venda_maquina_zet,b090bd71-c17b-4f26-a6cb-bf0f24408056,2025-12-17 20:40,PIX_MAQUINA,19.80,1.80,18.00
venda_maquina_zet,b0b01452-3b25-48b3-9a78-9be4183ad8b8,2025-12-25 19:02,DEBITO_MAQUINA,59.40,5.40,54.00
venda_maquina_zet,b0b84481-8b50-4213-ad9b-70cc36f631ec,2025-12-23 19:31,PIX_MAQUINA,19.80,1.80,18.00
venda_maquina_zet,b0c2d2e4-9865-48d0-baf0-33a0e271c829,2025-12-19 18:42,CREDITO_MAQUINA,59.40,5.40,54.00
venda_maquina_zet,b0cc05f6-a573-4f6a-8a31-d577c65d3c17,2025-12-21 19:54,DEBITO_MAQUINA,39.60,3.60,36.00
venda_maquina_zet,b0d7cbe1-ab86-4c97-9e59-39cc5ab8f26d,2025-12-07 20:40,DEBITO_MAQUINA,178.20,16.20,162.00
venda_maquina_zet,b0e4fbce-07ac-4558-b900-0c55416f79ae,2025-11-20 21:48,CREDITO_MAQUINA,19.80,1.80,18.00
venda_maquina_zet,b0eeac4b-afc1-4e28-999f-698e5199459e,2025-11-16 20:24,PIX_MAQUINA,39.60,3.60,36.00
venda_maquina_zet,b133dae2-84dc-4069-8363-0a70d2cc24e3,2025-12-26 19:00,CREDITO_MAQUINA,118.80,10.80,108.00
venda_maquina_zet,b15c7201-9f77-42e5-9ec2-086baef23ef0,2025-12-01 20:41,CREDITO_MAQUINA,19.80,1.80,18.00
venda_maquina_zet,b1db915d-1089-4240-b180-f6d63d6660d4,2025-12-13 19:02,DEBITO_MAQUINA,39.60,3.60,36.00
venda_maquina_zet,b2187fc7-e820-4371-ba85-e4109aa68e17,2025-12-06 20:23,CREDITO_MAQUINA,19.80,1.80,18.00
venda_maquina_zet,b24aa242-ad81-4488-86ac-13189d5c3706,2025-12-21 20:34,DEBITO_MAQUINA,19.80,1.80,18.00
venda_maquina_zet,b2bcdf1e-de81-4a60-9cfa-0b7407604437,2025-12-14 18:28,DEBITO_MAQUINA,99.00,9.00,90.00
venda_maquina_zet,b30a7249-abe7-487f-b14c-a14d1f3113d6,2025-12-25 19:25,DEBITO_MAQUINA,39.60,3.60,36.00
venda_maquina_zet,b31fca92-6175-4071-8c4c-cf13fc70f8c6,2025-12-17 19:36,DEBITO_MAQUINA,19.80,1.80,18.00
venda_maquina_zet,b3712bd7-359e-4055-8740-018fde1609c3,2025-12-22 19:21,DEBITO_MAQUINA,59.40,5.40,54.00
venda_maquina_zet,b39d5105-ca31-4741-acc9-1c1f1cf4a4ee,2025-12-20 21:37,PIX_MAQUINA,158.40,14.40,144.00
venda_maquina_zet,b3afb728-1c0b-48f1-a304-52f6369c6e4b,2025-12-02 20:13,DEBITO_MAQUINA,19.80,1.80,18.00
venda_maquina_zet,b3b9415f-9d39-45eb-b6cd-1d2e5d9ab4bc,2025-12-13 18:15,PIX_MAQUINA,19.80,1.80,18.00
venda_maquina_zet,b3f47a91-e9fc-4c0e-9028-3f85b615c754,2025-12-16 22:08,DEBITO_MAQUINA,19.80,1.80,18.00
venda_maquina_zet,b40fac64-b0c3-45c0-9dfb-36b72682f224,2025-12-22 20:59,DEBITO_MAQUINA,79.20,7.20,72.00
venda_maquina_zet,b4666d8c-791a-484e-9866-edc942ec0287,2025-12-20 19:05,DEBITO_MAQUINA,59.40,5.40,54.00
venda_maquina_zet,b4b8231a-dd2c-40bd-b673-c4b2acf67ddc,2025-12-11 20:52,CREDITO_MAQUINA,79.20,7.20,72.00
venda_maquina_zet,b4d6ad94-4f18-4029-aebd-13a306caa3eb,2025-12-15 18:51,DEBITO_MAQUINA,118.80,10.80,108.00
venda_maquina_zet,b4f2e069-a16a-407c-ad0b-93a85f6295b9,2025-12-22 18:51,CREDITO_MAQUINA,79.20,7.20,72.00
venda_maquina_zet,b503119e-26d4-497a-af66-85c5835ffdb5,2025-12-26 18:42,DEBITO_MAQUINA,55.00,5.00,50.00
venda_maquina_zet,b50c87bf-27f3-451e-bfec-1fcb2a923b47,2025-12-22 19:00,CREDITO_MAQUINA,79.20,7.20,72.00
venda_maquina_zet,b55a4d28-9e4b-458c-8002-6bee047cd51d,2025-12-15 19:47,PIX_MAQUINA,39.60,3.60,36.00
venda_maquina_zet,b62881a1-d891-4167-98a7-c1782f689430,2025-12-17 22:05,DEBITO_MAQUINA,39.60,3.60,36.00
venda_maquina_zet,b6c1caae-7317-4d84-a562-7161278ced02,2025-11-16 18:40,DEBITO_MAQUINA,19.80,1.80,18.00
venda_maquina_zet,b70913e8-2cd5-48f0-85fa-dcc44d5f5807,2025-12-02 19:32,CREDITO_MAQUINA,19.80,1.80,18.00
venda_maquina_zet,b77431b5-7185-488a-a794-efd084137b41,2025-12-17 18:48,DEBITO_MAQUINA,19.80,1.80,18.00
venda_maquina_zet,b787e304-608d-49e1-bbd9-ee272aa0a8db,2025-12-13 18:50,DEBITO_MAQUINA,39.60,3.60,36.00
venda_maquina_zet,b83411ea-d5d0-482c-8172-d7089277ec08,2025-11-30 18:48,PIX_MAQUINA,178.20,16.20,162.00
venda_maquina_zet,b8439674-8fce-45da-9489-6f2dac168818,2025-12-25 19:26,DEBITO_MAQUINA,59.40,5.40,54.00
venda_maquina_zet,b85fa2bc-b9c1-4903-aed3-b18d8d2336b4,2025-11-19 20:43,PIX_MAQUINA,237.60,21.60,216.00
venda_maquina_zet,b867bcf6-cd51-469f-a3b5-61ab8ad90e3d,2025-11-21 18:46,DEBITO_MAQUINA,79.20,7.20,72.00
venda_maquina_zet,b8d4b24a-a93d-4181-9728-b910d7f6daa1,2025-11-28 18:51,DEBITO_MAQUINA,19.80,1.80,18.00
venda_maquina_zet,b95e4b4f-8b8a-452f-a3ac-51ae34910a1d,2025-11-22 18:53,CREDITO_MAQUINA,59.40,5.40,54.00
venda_maquina_zet,b970af0b-abc9-4397-bbf9-cfd37f794a6f,2025-11-15 19:34,CREDITO_MAQUINA,118.80,10.80,108.00
venda_maquina_zet,b9c3e286-21d8-4a8d-9276-1fc1655639ae,2025-12-13 20:59,PIX_MAQUINA,19.80,1.80,18.00
venda_maquina_zet,b9e9462e-b986-4f1a-98ea-dd038a2511a0,2025-12-07 18:57,PIX_MAQUINA,74.80,6.80,68.00
venda_maquina_zet,ba62cef5-1968-4702-8ec0-c651742d53bf,2025-12-21 18:36,DEBITO_MAQUINA,59.40,5.40,54.00
venda_maquina_zet,ba747f98-b4bf-4bbd-8200-5c1bf1652c9e,2025-12-07 19:52,DEBITO_MAQUINA,19.80,1.80,18.00
venda_maquina_zet,ba8dc2bf-e0c7-453b-94e6-4064bc155bd9,2025-12-07 21:08,CREDITO_MAQUINA,79.20,7.20,72.00
venda_maquina_zet,bab1bba6-11b0-47c6-b273-d192bddf9922,2025-12-13 19:25,CREDITO_MAQUINA,39.60,3.60,36.00
venda_maquina_zet,bad043a8-9d0f-431b-936f-5657f9b3c3ca,2025-12-01 21:31,CREDITO_MAQUINA,19.80,1.80,18.00
venda_maquina_zet,bad0dee9-f3ed-4eb8-9847-2b2ef502350f,2025-12-24 19:26,CREDITO_MAQUINA,99.00,9.00,90.00
venda_maquina_zet,bb0ac01f-7e49-46c7-b02a-ab3956b43049,2025-12-13 19:23,PIX_MAQUINA,19.80,1.80,18.00
venda_maquina_zet,bb2ccc1d-2002-49e4-92c6-93d550d65625,2025-12-25 18:18,PIX_MAQUINA,158.40,14.40,144.00
venda_maquina_zet,bbdd0deb-a843-4dc6-a673-d3cea04057d2,2025-12-05 19:05,PIX_MAQUINA,59.40,5.40,54.00
venda_maquina_zet,bbe83cac-3d20-40ec-9b66-3b9f2e57405c,2025-12-14 19:06,DEBITO_MAQUINA,19.80,1.80,18.00
venda_maquina_zet,bbf0173a-e54a-4a00-9925-51a43c7a1db3,2025-11-22 18:47,DEBITO_MAQUINA,79.20,7.20,72.00
venda_maquina_zet,bc65bdd2-dcb3-446c-80a6-bfcf29f2071d,2025-12-02 22:11,CREDITO_MAQUINA,79.20,7.20,72.00
venda_maquina_zet,bc76a83f-6e12-452b-97b3-c7638348f93e,2025-11-15 21:28,PIX_MAQUINA,19.80,1.80,18.00
venda_maquina_zet,bc7ce2b2-0d76-4b7a-af5e-0262e90dc963,2025-12-10 20:54,PIX_MAQUINA,19.80,1.80,18.00
venda_maquina_zet,bcbd27f1-9d09-4238-a8a1-737b9acb9e6a,2025-11-28 19:33,PIX_MAQUINA,39.60,3.60,36.00
venda_maquina_zet,bcf25a89-bb74-4823-b47a-5a0d7f1ca1e5,2025-12-27 21:51,CREDITO_MAQUINA,19.80,1.80,18.00
venda_maquina_zet,bd6a9c7f-f1b8-4d06-8c6e-345f41e3d5d0,2025-12-25 18:25,DEBITO_MAQUINA,39.60,3.60,36.00
venda_maquina_zet,bd6c9034-cdce-4b90-8d69-38ece7371ba4,2025-12-20 18:48,PIX_MAQUINA,99.00,9.00,90.00
venda_maquina_zet,bd892cf3-f2f0-4327-b3d4-f390ba9e632b,2025-12-06 20:25,DEBITO_MAQUINA,19.80,1.80,18.00
venda_maquina_zet,bdfd1bbd-b960-48c6-974a-174f478ad1fb,2025-12-28 21:00,CREDITO_MAQUINA,19.80,1.80,18.00
venda_maquina_zet,be1b4bdb-03d9-4ce6-a297-bd6a7aff032e,2025-12-13 19:02,DEBITO_MAQUINA,19.80,1.80,18.00
venda_maquina_zet,be2db8ce-8611-410f-ad69-c0dfc7a35139,2025-12-20 19:00,DEBITO_MAQUINA,79.20,7.20,72.00
venda_maquina_zet,be6c9f71-eddf-4f5f-a797-44b989fe01e4,2025-12-23 19:37,CREDITO_MAQUINA,39.60,3.60,36.00
venda_maquina_zet,be6e397a-c2ec-4645-9c6f-f9462d80ce44,2025-12-27 19:37,DEBITO_MAQUINA,19.80,1.80,18.00
venda_maquina_zet,bedb84e5-894a-4cd1-8983-99495a977606,2025-12-23 18:20,CREDITO_MAQUINA,39.60,3.60,36.00
venda_maquina_zet,bf391621-d0db-47fa-9003-6ee6126a9fc3,2025-12-11 19:16,CREDITO_MAQUINA,99.00,9.00,90.00
venda_maquina_zet,bf597120-09a6-4048-9fa3-9a2fc7e764b5,2025-12-26 18:56,CREDITO_MAQUINA,39.60,3.60,36.00
venda_maquina_zet,bf865a56-cb25-467e-9d62-2259f908c5a9,2025-11-16 19:35,CREDITO_MAQUINA,59.40,5.40,54.00
venda_maquina_zet,bfd67bc4-6587-4d77-8f02-b98c49ebb70b,2025-11-30 20:03,CREDITO_MAQUINA,19.80,1.80,18.00
venda_maquina_zet,c02105b6-3249-4262-954a-228749c9d52a,2025-12-06 21:46,PIX_MAQUINA,39.60,3.60,36.00
venda_maquina_zet,c075af7c-7b48-44a7-928a-92e0e3d3f888,2025-12-25 20:57,CREDITO_MAQUINA,59.40,5.40,54.00
venda_maquina_zet,c0b0e0f5-7070-4760-9c6d-143385149124,2025-12-20 20:32,DEBITO_MAQUINA,39.60,3.60,36.00
venda_maquina_zet,c0b68440-1f79-41fe-8eb7-3f226f6ca5bc,2025-11-16 20:18,DEBITO_MAQUINA,79.20,7.20,72.00
venda_maquina_zet,c0c3baa3-fc93-4bb9-8547-4c642ac50cfc,2025-12-02 21:22,DEBITO_MAQUINA,19.80,1.80,18.00
venda_maquina_zet,c109af3b-c342-4808-9e52-8518f7d1015a,2025-12-28 19:18,DEBITO_MAQUINA,79.20,7.20,72.00
venda_maquina_zet,c16212a6-1bdb-44af-8080-eaf1b037e4c0,2025-12-08 19:54,DEBITO_MAQUINA,19.80,1.80,18.00
venda_maquina_zet,c1936ec0-6463-4cf7-b667-b8e1c816bf6f,2025-12-26 19:17,DEBITO_MAQUINA,19.80,1.80,18.00
venda_maquina_zet,c1bb64e7-f43c-454b-85eb-89fbd0df38f2,2025-12-26 19:02,DEBITO_MAQUINA,59.40,5.40,54.00
venda_maquina_zet,c212be6b-18db-45f1-86bc-fb4be965f985,2025-11-27 22:11,PIX_MAQUINA,59.40,5.40,54.00
venda_maquina_zet,c2255d84-05ad-44a1-a5fe-1cfb01c0e95a,2025-12-07 18:17,DEBITO_MAQUINA,118.80,10.80,108.00
venda_maquina_zet,c236d7d1-ffdf-4996-80be-263ada60f0f0,2025-12-11 20:24,PIX_MAQUINA,39.60,3.60,36.00
venda_maquina_zet,c23be7e7-c0b0-4d66-81ed-fe5914da4e5c,2025-12-01 22:09,PIX_MAQUINA,118.80,10.80,108.00
venda_maquina_zet,c27b91c8-480c-4986-a1a9-bf95d24eeb1f,2025-12-04 20:53,DEBITO_MAQUINA,39.60,3.60,36.00
venda_maquina_zet,c2fa1944-515b-49e9-a9b6-159eef2d6d0d,2025-11-21 20:11,DEBITO_MAQUINA,79.20,7.20,72.00
venda_maquina_zet,c321638d-5108-451c-a8c9-e4841fac3724,2025-12-21 20:01,PIX_MAQUINA,158.40,14.40,144.00
venda_maquina_zet,c32367e9-fe1c-479b-ae91-220817740244,2025-11-26 21:12,CREDITO_MAQUINA,19.80,1.80,18.00
venda_maquina_zet,c32b8f3d-92e0-4e3e-8755-620f56b1df96,2025-12-10 20:04,CREDITO_MAQUINA,19.80,1.80,18.00
venda_maquina_zet,c3548f5b-51d5-4bbd-92fe-8cf5bdccdfa0,2025-11-16 19:57,PIX_MAQUINA,99.00,9.00,90.00
venda_maquina_zet,c3851dfd-f042-4f18-939b-65e2f5f2cced,2025-11-16 19:44,PIX_MAQUINA,79.20,7.20,72.00
venda_maquina_zet,c3902480-de82-40b9-8bd4-4f4b6f62a252,2025-12-04 22:10,PIX_MAQUINA,118.80,10.80,108.00
venda_maquina_zet,c3f8fd8d-9c05-4def-a789-6164a27422fd,2025-12-20 19:45,DEBITO_MAQUINA,19.80,1.80,18.00
venda_maquina_zet,c3fd82cb-c26b-4855-b92e-c62567501c82,2025-12-02 20:16,DEBITO_MAQUINA,19.80,1.80,18.00
venda_maquina_zet,c4051dbc-6c08-4593-9e45-f65db7b97eec,2025-12-04 22:16,DEBITO_MAQUINA,39.60,3.60,36.00
venda_maquina_zet,c42a9954-d986-4b34-8cda-84b7b44360f4,2025-12-21 19:35,DEBITO_MAQUINA,39.60,3.60,36.00
venda_maquina_zet,c4f13b00-7020-432c-9aee-64b80e5eff72,2025-12-15 21:15,PIX_MAQUINA,118.80,10.80,108.00
venda_maquina_zet,c50349f7-966a-4a3b-a639-ebea67c55741,2025-12-16 22:08,DEBITO_MAQUINA,39.60,3.60,36.00
venda_maquina_zet,c51d7765-6ad9-4b67-8066-c7b7f6aa9845,2025-12-22 18:47,DEBITO_MAQUINA,79.20,7.20,72.00
venda_maquina_zet,c58ac463-9b1b-4db1-9304-e7aedcab114e,2025-11-19 19:28,DEBITO_MAQUINA,39.60,3.60,36.00
venda_maquina_zet,c5ab4280-d22c-4f4f-b285-735c56215dc2,2025-12-15 20:21,PIX_MAQUINA,59.40,5.40,54.00
venda_maquina_zet,c5b3f51f-9571-4ba1-a0be-e9ed7bdbd6da,2025-11-25 19:54,DEBITO_MAQUINA,19.80,1.80,18.00
venda_maquina_zet,c63fc9df-d664-4184-b155-5c83b69b2f5c,2025-12-13 19:43,CREDITO_MAQUINA,19.80,1.80,18.00
venda_maquina_zet,c6803eb9-6e23-4c63-90ab-67637649ec9f,2025-12-02 19:29,PIX_MAQUINA,19.80,1.80,18.00
venda_maquina_zet,c6b0663f-1aaa-44b5-9d0f-76574b6ae5a9,2025-11-17 19:27,PIX_MAQUINA,59.40,5.40,54.00
venda_maquina_zet,c6ba4803-84c0-49cd-ac7e-1c4bb6380abe,2025-12-19 21:14,CREDITO_MAQUINA,19.80,1.80,18.00
venda_maquina_zet,c6dbdd63-c3d9-4eb3-ba20-22f1fa897517,2025-12-22 21:27,DEBITO_MAQUINA,79.20,7.20,72.00
venda_maquina_zet,c7163617-1c36-43c8-863f-a6c84d7e2494,2025-11-21 19:50,CREDITO_MAQUINA,59.40,5.40,54.00
venda_maquina_zet,c733f161-7272-4804-8c43-3e59293e7edc,2025-12-28 19:20,DEBITO_MAQUINA,59.40,5.40,54.00
venda_maquina_zet,c774e2af-f419-43cc-96b1-e7125553cb5b,2025-12-25 19:24,DEBITO_MAQUINA,99.00,9.00,90.00
venda_maquina_zet,c7b6b701-1950-4b7f-b64f-cd70bf445439,2025-12-05 20:56,DEBITO_MAQUINA,19.80,1.80,18.00
venda_maquina_zet,c971fad8-d4e7-4585-b34a-304b999c41b8,2025-11-16 19:49,CREDITO_MAQUINA,59.40,5.40,54.00
venda_maquina_zet,c9a02c35-f3f2-44ca-91a9-afde0ecc400b,2025-12-22 20:40,PIX_MAQUINA,59.40,5.40,54.00
venda_maquina_zet,c9b1f0fd-c05b-4984-8e33-222fb2e932c3,2025-11-16 20:26,PIX_MAQUINA,79.20,7.20,72.00
venda_maquina_zet,c9bdb231-13ff-4ce8-a557-9a623819b1e6,2025-11-21 19:59,PIX_MAQUINA,79.20,7.20,72.00
venda_maquina_zet,c9c7ea3e-c382-4f02-9a92-ceb132a53190,2025-12-03 18:34,DEBITO_MAQUINA,39.60,3.60,36.00
venda_maquina_zet,ca015c70-f07f-4cc9-ae86-8fd82931cbb0,2025-12-14 18:31,PIX_MAQUINA,158.40,14.40,144.00
venda_maquina_zet,ca025277-bfe9-44d9-aa7a-844362da44d8,2025-12-13 21:02,DEBITO_MAQUINA,19.80,1.80,18.00
venda_maquina_zet,ca165e3b-ad4d-4f4a-802c-1e3a3b9c7657,2025-12-23 21:08,DEBITO_MAQUINA,79.20,7.20,72.00
venda_maquina_zet,ca1e97e0-0a98-413e-9eca-a8966933fe42,2026-01-04 20:19,PIX_MAQUINA,19.80,1.80,18.00
venda_maquina_zet,caee8ead-9dbb-416d-89eb-2aeebdcc5eed,2025-11-22 18:48,DEBITO_MAQUINA,59.40,5.40,54.00
venda_maquina_zet,cb1e00cc-3f60-4f85-b80e-d1a47fa3fc38,2025-12-02 19:36,CREDITO_MAQUINA,19.80,1.80,18.00
venda_maquina_zet,cc0a3129-9835-4343-ac91-803fca864082,2025-12-13 18:22,DEBITO_MAQUINA,59.40,5.40,54.00
venda_maquina_zet,cc29ca5a-1e37-426e-9187-44b96687dc39,2025-12-22 19:17,DEBITO_MAQUINA,59.40,5.40,54.00
venda_maquina_zet,cc32e8f4-d920-4e42-a874-459f2407fdef,2025-12-11 18:55,DEBITO_MAQUINA,39.60,3.60,36.00
venda_maquina_zet,cc35b7c6-4bdd-4f6b-8595-60ffb7c4af1a,2025-12-14 18:49,CREDITO_MAQUINA,39.60,3.60,36.00
venda_maquina_zet,cc840f52-49f6-4dbd-bcc6-6b1f5dc44785,2025-12-27 20:57,CREDITO_MAQUINA,19.80,1.80,18.00
venda_maquina_zet,cd22050e-e307-4d2d-9f0a-b1f6821bd7ae,2025-12-21 18:25,CREDITO_MAQUINA,39.60,3.60,36.00
venda_maquina_zet,cd3f7eae-6437-475d-9a4b-6202cb0ecdd0,2025-11-22 18:36,CREDITO_MAQUINA,19.80,1.80,18.00
venda_maquina_zet,cd9ee3f5-581c-455a-89dc-644589e50ede,2025-11-15 20:08,CREDITO_MAQUINA,39.60,3.60,36.00
venda_maquina_zet,cdc175f0-9a93-4463-b339-67939838aa96,2025-12-25 19:23,CREDITO_MAQUINA,138.60,12.60,126.00
venda_maquina_zet,ce0cea9d-3b11-4cf2-be58-7038df9c6bc1,2026-01-04 20:34,CREDITO_MAQUINA,19.80,1.80,18.00
venda_maquina_zet,ce23fb43-6630-48cf-bf75-bec8fce70ab0,2025-12-21 21:14,DEBITO_MAQUINA,19.80,1.80,18.00
venda_maquina_zet,ce451a81-308e-43d1-9052-762b28170c66,2025-12-06 21:53,DEBITO_MAQUINA,79.20,7.20,72.00
venda_maquina_zet,ce53126e-62a4-4e9a-b762-cbf9c3f0b575,2025-11-21 21:18,CREDITO_MAQUINA,19.80,1.80,18.00
venda_maquina_zet,ce708ef8-cf1f-42e1-966b-4b66810dd3c1,2025-12-09 21:03,DEBITO_MAQUINA,19.80,1.80,18.00
venda_maquina_zet,ce7f56d9-c2c1-40cf-9e55-44c49ed4ff73,2025-12-14 21:06,CREDITO_MAQUINA,19.80,1.80,18.00
venda_maquina_zet,ce84753a-b0ea-42f0-a17d-5bcbcc4702be,2025-11-16 21:00,CREDITO_MAQUINA,118.80,10.80,108.00
venda_maquina_zet,ceb79478-cf9a-43ee-bdc5-8bcea43f472e,2025-12-26 19:05,CREDITO_MAQUINA,79.20,7.20,72.00
venda_maquina_zet,cf97c686-b567-4d2d-bea3-9439392054da,2025-12-13 19:00,PIX_MAQUINA,39.60,3.60,36.00
venda_maquina_zet,d008588a-413b-40fd-b0e9-a4fcbb3b7eed,2025-12-24 19:30,DEBITO_MAQUINA,99.00,9.00,90.00
venda_maquina_zet,d023b1f8-3a1a-4586-992b-6923f3d7a498,2025-11-29 21:02,DEBITO_MAQUINA,217.80,19.80,198.00
venda_maquina_zet,d02c70bf-7d43-4660-af5b-65e1876588a3,2025-11-22 22:42,DEBITO_MAQUINA,39.60,3.60,36.00
venda_maquina_zet,d05733e0-1930-406e-a6e4-4a7bab87ae1d,2026-01-02 19:09,CREDITO_MAQUINA,118.80,10.80,108.00
venda_maquina_zet,d06a8896-0a41-43a2-82ce-0ef51b6544f8,2025-12-13 18:49,DEBITO_MAQUINA,59.40,5.40,54.00
venda_maquina_zet,d0af578d-901b-4a68-a21f-65bebbbf1273,2025-12-21 18:22,DEBITO_MAQUINA,79.20,7.20,72.00
venda_maquina_zet,d0c3f577-f263-42a4-b4aa-4ae2b9152ba6,2025-12-30 22:15,CREDITO_MAQUINA,59.40,5.40,54.00
venda_maquina_zet,d0f055b2-7eab-4e84-bd3e-66bcb4c71eda,2025-12-03 20:48,CREDITO_MAQUINA,19.80,1.80,18.00
venda_maquina_zet,d11e446a-ea14-4c2b-ac98-b4ee18f543e2,2025-12-27 19:27,DEBITO_MAQUINA,19.80,1.80,18.00
venda_maquina_zet,d12957a0-0cd5-4a85-b449-ef1daf00299a,2025-12-27 19:16,DEBITO_MAQUINA,19.80,1.80,18.00
venda_maquina_zet,d12e7be2-c021-4057-86ff-e040e5024179,2025-12-27 19:04,DEBITO_MAQUINA,59.40,5.40,54.00
venda_maquina_zet,d14980f2-8be3-4574-9883-35521b799768,2025-12-20 18:06,CREDITO_MAQUINA,158.40,14.40,144.00
venda_maquina_zet,d15dfec8-efbf-4c3e-9160-afa41f31d304,2025-12-03 19:14,CREDITO_MAQUINA,19.80,1.80,18.00
venda_maquina_zet,d17b03f3-0fc9-4e1c-b5a1-b72f15b38ece,2025-12-13 20:17,DEBITO_MAQUINA,79.20,7.20,72.00
venda_maquina_zet,d1c8cc22-f9d6-4864-abf3-fc48bafd89a7,2025-12-09 19:51,PIX_MAQUINA,19.80,1.80,18.00
venda_maquina_zet,d1f3efe8-7163-43dd-ab76-d711a69e0e7a,2025-12-04 19:54,PIX_MAQUINA,19.80,1.80,18.00
venda_maquina_zet,d2031c16-71be-4dd2-88c6-ab5fddbc9b59,2025-12-27 18:42,DEBITO_MAQUINA,79.20,7.20,72.00
venda_maquina_zet,d25212c7-2cb0-436a-92c8-8f37cc6f9fee,2025-12-22 19:19,DEBITO_MAQUINA,39.60,3.60,36.00
venda_maquina_zet,d2a81a71-f794-4aeb-8f5f-8b38c5ec3f2c,2025-12-10 19:58,DEBITO_MAQUINA,19.80,1.80,18.00
venda_maquina_zet,d2f5c133-afb4-4a4c-8fe9-5d35a7d85737,2025-12-21 18:43,PIX_MAQUINA,19.80,1.80,18.00
venda_maquina_zet,d386f935-8f2a-4067-9375-0a29c15a6fc9,2025-11-20 20:10,DEBITO_MAQUINA,19.80,1.80,18.00
venda_maquina_zet,d3dd712f-13f0-403f-ab52-4c775f2a50c3,2025-12-27 19:30,CREDITO_MAQUINA,19.80,1.80,18.00
venda_maquina_zet,d3e5c88d-9e4c-47cd-a2f8-c0f85142112e,2025-12-02 19:29,PIX_MAQUINA,19.80,1.80,18.00
venda_maquina_zet,d40f2c02-755c-4643-b483-128d9f7efa06,2025-11-21 19:53,CREDITO_MAQUINA,59.40,5.40,54.00
venda_maquina_zet,d48100c3-db3a-456c-bf89-4f583aa738a9,2025-11-25 20:04,DEBITO_MAQUINA,19.80,1.80,18.00
venda_maquina_zet,d48f8b4d-31bc-448e-9b5a-cd9fe4b2c60b,2025-12-15 22:09,PIX_MAQUINA,79.20,7.20,72.00
venda_maquina_zet,d4c8eb73-2c03-4b91-92aa-513cf7474ee8,2025-12-28 18:47,CREDITO_MAQUINA,99.00,9.00,90.00
venda_maquina_zet,d4d92be9-512e-4322-9754-d91df2d79e34,2025-12-11 22:16,DEBITO_MAQUINA,79.20,7.20,72.00
venda_maquina_zet,d529301b-e7b4-4e2b-9ea2-bea6659ef7da,2025-12-01 20:19,PIX_MAQUINA,19.80,1.80,18.00
venda_maquina_zet,d59d26cb-d919-498b-a5af-7a103583fc5a,2025-12-21 20:25,DEBITO_MAQUINA,79.20,7.20,72.00
venda_maquina_zet,d5d52338-0ee1-4a86-ad77-07159ab2aa3f,2025-11-26 20:04,CREDITO_MAQUINA,19.80,1.80,18.00
venda_maquina_zet,d618a578-f05d-4e57-8a36-de11cf60582f,2025-12-20 18:50,DEBITO_MAQUINA,99.00,9.00,90.00
venda_maquina_zet,d66c967e-663d-46b5-9c79-fc76e25fd890,2025-12-04 19:12,CREDITO_MAQUINA,19.80,1.80,18.00
venda_maquina_zet,d695c4f8-5b3a-43ab-b180-bffb90bfcd1e,2025-11-27 21:05,DEBITO_MAQUINA,39.60,3.60,36.00
venda_maquina_zet,d6fc8aeb-4899-4bc9-8344-82ff2b65078b,2025-12-28 20:37,CREDITO_MAQUINA,39.60,3.60,36.00
venda_maquina_zet,d73ae04d-ac49-4788-9577-780a34d1a934,2025-12-26 19:21,PIX_MAQUINA,19.80,1.80,18.00
venda_maquina_zet,d7b69f86-cee5-43de-b4c2-d3bd9be43ec7,2025-12-23 20:03,CREDITO_MAQUINA,19.80,1.80,18.00
venda_maquina_zet,d7da99e1-5793-4f19-b75e-85c0bd7c617d,2025-11-24 18:48,CREDITO_MAQUINA,39.60,3.60,36.00
venda_maquina_zet,d7e199b1-1e30-45bb-976a-10cafdfb07dd,2025-12-26 19:00,CREDITO_MAQUINA,39.60,3.60,36.00
venda_maquina_zet,d7e7108c-3102-4360-b54f-a5f58e56c7d3,2025-12-25 19:22,DEBITO_MAQUINA,79.20,7.20,72.00
venda_maquina_zet,d7ea5a6a-db92-45d5-a02b-d9ae95e11b0b,2025-12-11 20:21,CREDITO_MAQUINA,19.80,1.80,18.00
venda_maquina_zet,d80ced65-e2a3-4fa2-b976-97f982fc8918,2025-12-05 18:49,DEBITO_MAQUINA,59.40,5.40,54.00
venda_maquina_zet,d8204e64-2e1d-4ef4-b5dc-39a843d37698,2025-12-07 20:59,CREDITO_MAQUINA,118.80,10.80,108.00
venda_maquina_zet,d83c0233-f7eb-4412-8ff8-d1d25d563d5e,2025-12-25 20:41,DEBITO_MAQUINA,79.20,7.20,72.00
venda_maquina_zet,d84aba3b-1906-4486-a1b0-1ef14b30b825,2025-11-27 19:47,DEBITO_MAQUINA,19.80,1.80,18.00
venda_maquina_zet,d8501e0d-0163-4ae1-a476-7fb2cba22547,2025-11-20 18:56,CREDITO_MAQUINA,99.00,9.00,90.00
venda_maquina_zet,d8527b33-240f-4497-a011-25e29241e4ce,2025-12-20 19:02,CREDITO_MAQUINA,39.60,3.60,36.00
venda_maquina_zet,d86584d9-e2c6-4bfc-a851-7fb5b514cd17,2025-12-10 22:16,DEBITO_MAQUINA,79.20,7.20,72.00
venda_maquina_zet,d8bf1b66-29dc-49f8-904b-41a39fd9d426,2025-12-22 18:52,CREDITO_MAQUINA,39.60,3.60,36.00
venda_maquina_zet,d8d7ba7a-4e52-4a57-a6f8-1bbc8c4c44f8,2025-12-02 19:28,DEBITO_MAQUINA,19.80,1.80,18.00
venda_maquina_zet,d932a8cb-d984-4de5-ae9a-512892222cd9,2025-12-10 20:49,PIX_MAQUINA,39.60,3.60,36.00
venda_maquina_zet,d94d8c71-d54f-42f8-99da-1c58f65a7ac4,2025-11-22 19:59,PIX_MAQUINA,19.80,1.80,18.00
venda_maquina_zet,d956f5d2-56e4-41df-ac5c-e187cddbd06d,2025-12-21 18:45,CREDITO_MAQUINA,59.40,5.40,54.00
venda_maquina_zet,d99d472c-0644-4e2c-97f0-9caea20b12b4,2025-12-10 18:45,DEBITO_MAQUINA,27.50,2.50,25.00
venda_maquina_zet,d9b0c255-c721-408b-973a-d03b43b93058,2025-12-15 20:36,CREDITO_MAQUINA,19.80,1.80,18.00
venda_maquina_zet,d9b1d152-cb1a-487f-b368-fc6335c8a554,2025-12-22 21:31,PIX_MAQUINA,79.20,7.20,72.00
venda_maquina_zet,d9ec2b62-ccaa-4f34-9870-a700a8c7991d,2025-11-20 18:51,CREDITO_MAQUINA,59.40,5.40,54.00
venda_maquina_zet,da7d95dc-c17b-43f6-8ece-b04e415e5ab0,2025-12-16 22:09,DEBITO_MAQUINA,79.20,7.20,72.00
venda_maquina_zet,db579285-1e9f-4f30-bf99-8ff303253836,2025-12-20 19:14,DEBITO_MAQUINA,59.40,5.40,54.00
venda_maquina_zet,db6c0f7f-da13-4507-83da-93d02da3c03e,2025-11-20 22:14,DEBITO_MAQUINA,79.20,7.20,72.00
venda_maquina_zet,db8790a5-681b-4ec5-a209-24364763a2cd,2025-12-14 20:12,DEBITO_MAQUINA,19.80,1.80,18.00
venda_maquina_zet,dbe21b66-c706-4cf4-9dbc-14f4e9c49636,2025-12-10 20:49,PIX_MAQUINA,39.60,3.60,36.00
venda_maquina_zet,dc411182-ab20-4898-84f1-e31f4b4479d6,2025-11-27 20:26,PIX_MAQUINA,19.80,1.80,18.00
venda_maquina_zet,dc503f7f-5006-404c-a798-a87da0d806e4,2025-12-04 19:23,CREDITO_MAQUINA,19.80,1.80,18.00
venda_maquina_zet,dcad7222-5f94-4276-9642-35d47c62c0fe,2025-12-26 19:17,CREDITO_MAQUINA,19.80,1.80,18.00
venda_maquina_zet,dcfcfbf2-e9e9-4800-9620-8b7e3e7a571f,2025-11-29 21:04,DEBITO_MAQUINA,19.80,1.80,18.00
venda_maquina_zet,dd1e7f3a-32f6-4509-a313-cfa2282c9177,2025-12-22 18:58,PIX_MAQUINA,19.80,1.80,18.00
venda_maquina_zet,dd3a60e6-0342-4615-90c4-be4316d22cd4,2025-12-14 18:51,PIX_MAQUINA,79.20,7.20,72.00
venda_maquina_zet,dd3fe7c5-9285-4f3a-bf89-ee44335d6f4a,2025-12-20 19:03,DEBITO_MAQUINA,99.00,9.00,90.00
venda_maquina_zet,dd72f406-1452-4523-9b65-a1fe394fd402,2025-12-21 19:02,DEBITO_MAQUINA,39.60,3.60,36.00
venda_maquina_zet,dd732d8a-ac88-4388-8576-0e0f88149ced,2025-11-20 18:41,CREDITO_MAQUINA,79.20,7.20,72.00
venda_maquina_zet,ddc42315-442b-4aae-aadd-f8d864853179,2025-12-14 18:55,DEBITO_MAQUINA,59.40,5.40,54.00
venda_maquina_zet,ddca57bf-f5f3-424e-9bc4-48249989d5e0,2025-12-21 18:32,PIX_MAQUINA,79.20,7.20,72.00
venda_maquina_zet,de1bb872-235e-466c-b663-baf60abe3d51,2025-12-04 22:15,PIX_MAQUINA,79.20,7.20,72.00
venda_maquina_zet,de905ef0-a229-4fbd-8e0d-bb9ff3657858,2025-12-05 22:40,DEBITO_MAQUINA,79.20,7.20,72.00
venda_maquina_zet,deceadc4-3c5e-45fa-a24f-3795b520874d,2025-11-28 18:50,DEBITO_MAQUINA,99.00,9.00,90.00
venda_maquina_zet,ded40c1e-6541-4df1-a998-1b3cf48bbdbe,2025-12-27 19:34,PIX_MAQUINA,39.60,3.60,36.00
venda_maquina_zet,df0119cf-3c15-4682-8d89-1414a2d9ecab,2025-12-27 19:20,DEBITO_MAQUINA,19.80,1.80,18.00
venda_maquina_zet,df1660d3-56bd-4779-80a7-92c25041eb23,2025-11-20 20:41,DEBITO_MAQUINA,39.60,3.60,36.00
venda_maquina_zet,df3fd070-0953-4ed4-b90b-3e63b700cf9a,2025-12-28 19:28,CREDITO_MAQUINA,39.60,3.60,36.00
venda_maquina_zet,df6a6123-356a-4d64-b843-ceaee3a3d18d,2025-12-16 20:34,CREDITO_MAQUINA,19.80,1.80,18.00
venda_maquina_zet,df95f079-27cf-412b-9e13-3fa0bbcb4024,2025-12-07 20:08,PIX_MAQUINA,19.80,1.80,18.00
venda_maquina_zet,df971501-5ab1-477a-9a2c-9a90842ac163,2025-11-20 19:01,CREDITO_MAQUINA,19.80,1.80,18.00
venda_maquina_zet,dfe443e3-8bfe-4a11-8d28-5bd869fdb081,2025-12-20 20:37,CREDITO_MAQUINA,39.60,3.60,36.00
venda_maquina_zet,e039a19c-c87e-41c6-a734-672181474da3,2025-12-24 19:22,DEBITO_MAQUINA,99.00,9.00,90.00
venda_maquina_zet,e03c0a6f-b390-4fc5-8e62-7d4918282372,2025-12-15 20:13,DEBITO_MAQUINA,19.80,1.80,18.00
venda_maquina_zet,e06069e6-4f98-4ded-9a24-18fba500d16f,2025-12-06 18:46,DEBITO_MAQUINA,99.00,9.00,90.00
venda_maquina_zet,e066ecf2-bbab-405a-ba31-d7b564cb87c8,2025-11-21 21:06,DEBITO_MAQUINA,39.60,3.60,36.00
venda_maquina_zet,e096709f-62f1-4507-962e-dac06236e746,2025-12-21 19:03,CREDITO_MAQUINA,59.40,5.40,54.00
venda_maquina_zet,e0a6cd8b-dfd7-4e69-89c0-94a768d5e65e,2025-12-08 19:13,DEBITO_MAQUINA,178.20,16.20,162.00
venda_maquina_zet,e0ff3992-75c7-4e27-bd8f-5a682bc0e583,2025-12-21 19:18,DEBITO_MAQUINA,19.80,1.80,18.00
venda_maquina_zet,e15be119-789f-4488-8645-07f6d1d893e4,2025-12-06 20:24,DEBITO_MAQUINA,39.60,3.60,36.00
venda_maquina_zet,e19425b6-52b3-4b96-8f95-9d2feb8c5471,2025-12-28 18:46,DEBITO_MAQUINA,59.40,5.40,54.00
venda_maquina_zet,e1caf909-9853-49df-b61d-cd3f1a6ebaa9,2025-12-13 20:07,DEBITO_MAQUINA,19.80,1.80,18.00
venda_maquina_zet,e252a640-36c7-4531-a9dd-1692529aff00,2025-12-19 20:16,PIX_MAQUINA,19.80,1.80,18.00
venda_maquina_zet,e25f8630-0df2-4153-83f8-e2b23d30449d,2025-12-22 19:07,DEBITO_MAQUINA,39.60,3.60,36.00
venda_maquina_zet,e2f91851-9368-43d3-a0e8-40581e557992,2025-12-25 18:08,CREDITO_MAQUINA,39.60,3.60,36.00
venda_maquina_zet,e3469b65-8781-4308-bbb4-51b37fae612b,2025-12-17 21:04,PIX_MAQUINA,39.60,3.60,36.00
venda_maquina_zet,e3906298-884e-4f6e-9e7e-59f98afde395,2025-12-14 19:08,CREDITO_MAQUINA,118.80,10.80,108.00
venda_maquina_zet,e3c5c39e-9382-43f6-ad15-d0ef738bdcae,2025-12-24 20:24,CREDITO_MAQUINA,19.80,1.80,18.00
venda_maquina_zet,e3f82863-679f-49b9-a3b6-bd59a1def9c8,2025-12-20 19:09,DEBITO_MAQUINA,118.80,10.80,108.00
venda_maquina_zet,e452a577-fafc-40b8-bbca-1f7f86cec25d,2025-12-04 19:22,PIX_MAQUINA,19.80,1.80,18.00
venda_maquina_zet,e45b1778-e9c1-4bf3-81d2-794008943aa7,2025-12-04 21:34,PIX_MAQUINA,19.80,1.80,18.00
venda_maquina_zet,e48d2ca2-9f15-4586-90a3-cba90ecee78b,2025-12-22 19:15,PIX_MAQUINA,118.80,10.80,108.00
venda_maquina_zet,e49d1b79-2007-4f25-abe2-6d7774aa6385,2025-12-25 21:22,DEBITO_MAQUINA,39.60,3.60,36.00
venda_maquina_zet,e509c42d-dbe9-41b7-add0-1289cf3a5de7,2025-12-14 18:32,PIX_MAQUINA,39.60,3.60,36.00
venda_maquina_zet,e51394e0-7567-4c91-a23e-3701193511f0,2025-12-28 20:15,CREDITO_MAQUINA,19.80,1.80,18.00
venda_maquina_zet,e5600c54-cb26-4664-a6d3-041e193c1f33,2025-12-03 19:56,CREDITO_MAQUINA,79.20,7.20,72.00
venda_maquina_zet,e58be387-8bb2-45d8-b6be-c67a8308416f,2025-11-20 20:44,PIX_MAQUINA,39.60,3.60,36.00
venda_maquina_zet,e5bc506e-e856-427e-8a82-e71f1fce0491,2025-12-15 22:07,PIX_MAQUINA,59.40,5.40,54.00
venda_maquina_zet,e5e13b8c-9c55-457b-8692-eea73e7677e5,2025-11-21 20:44,PIX_MAQUINA,79.20,7.20,72.00
venda_maquina_zet,e60d2789-8463-43a4-bba1-c3cc049c37af,2025-12-23 18:56,CREDITO_MAQUINA,59.40,5.40,54.00
venda_maquina_zet,e612dc33-c89b-4a6b-b3f6-47a42e8813e4,2025-11-20 22:05,CREDITO_MAQUINA,99.00,9.00,90.00
venda_maquina_zet,e65008f0-9ed9-4515-b5ec-7e3cf5fdbd9d,2025-12-25 18:54,CREDITO_MAQUINA,99.00,9.00,90.00
venda_maquina_zet,e67c32ee-53c8-47f6-9752-79f422db92ab,2025-12-21 18:20,DEBITO_MAQUINA,59.40,5.40,54.00
venda_maquina_zet,e698fce6-be03-4d99-9836-184480be5970,2025-12-03 19:11,DEBITO_MAQUINA,79.20,7.20,72.00
venda_maquina_zet,e6cda541-58c4-4821-8db1-f4ceacb18fb3,2025-12-04 20:11,DEBITO_MAQUINA,39.60,3.60,36.00
venda_maquina_zet,e71f3522-943e-4b23-88c7-67ae4b348cf9,2025-12-21 19:00,PIX_MAQUINA,59.40,5.40,54.00
venda_maquina_zet,e7999eb4-06c8-42f8-b4ed-598fbf3fc00d,2025-12-13 18:54,PIX_MAQUINA,79.20,7.20,72.00
venda_maquina_zet,e7b0699b-7d2f-444b-ac70-bb1f789b46a8,2025-11-16 19:27,DEBITO_MAQUINA,79.20,7.20,72.00
venda_maquina_zet,e7e73e99-3041-421e-b436-5454dce105d9,2025-11-16 19:48,DEBITO_MAQUINA,118.80,10.80,108.00
venda_maquina_zet,e80b5d0d-24a5-4ee3-acd6-2af61d455a2e,2025-11-16 19:47,DEBITO_MAQUINA,39.60,3.60,36.00
venda_maquina_zet,e89dd3f4-ddce-4537-85cc-9006a043f95a,2025-11-30 22:11,DEBITO_MAQUINA,19.80,1.80,18.00
venda_maquina_zet,e89f9657-7c58-4f24-86bf-1223c9a97d2e,2025-12-20 18:35,CREDITO_MAQUINA,118.80,10.80,108.00
venda_maquina_zet,e90e5621-43a4-46ba-8972-1b3bf51301ae,2025-12-01 21:04,DEBITO_MAQUINA,19.80,1.80,18.00
venda_maquina_zet,e91489d4-7421-44f9-9323-54d03b823a6e,2025-12-07 21:00,DEBITO_MAQUINA,99.00,9.00,90.00
venda_maquina_zet,e91e23db-a4f1-4d13-b6c5-e86d104fc3ae,2025-12-06 22:18,DEBITO_MAQUINA,19.80,1.80,18.00
venda_maquina_zet,e92b44c0-7a35-409e-a0f6-0fa8abd51184,2025-12-05 20:06,CREDITO_MAQUINA,19.80,1.80,18.00
venda_maquina_zet,e96e57b0-1905-45ba-9996-27b676262b97,2025-12-07 18:26,DEBITO_MAQUINA,99.00,9.00,90.00
venda_maquina_zet,e99f180e-f3ec-4177-9283-79e9e86cbd10,2025-12-07 21:08,PIX_MAQUINA,19.80,1.80,18.00
venda_maquina_zet,e9e09f5c-c2a5-4ad0-b631-f0576b788a6a,2025-12-15 20:37,PIX_MAQUINA,99.00,9.00,90.00
venda_maquina_zet,ea1f0aca-7e5b-4aaa-a5c3-7c3143285926,2025-12-14 19:05,DEBITO_MAQUINA,79.20,7.20,72.00
venda_maquina_zet,ea58af6c-31de-461f-bc77-b2d21c96c33b,2025-12-21 17:55,CREDITO_MAQUINA,118.80,10.80,108.00
venda_maquina_zet,ea6162bc-5521-475d-84b2-1b4828531572,2025-12-15 19:27,PIX_MAQUINA,39.60,3.60,36.00
venda_maquina_zet,ea9bb8be-91cf-4f90-a3a7-729b2fb27b0f,2025-11-16 20:08,CREDITO_MAQUINA,59.40,5.40,54.00
venda_maquina_zet,eb14ea64-309e-4127-8c04-535933c7ac4c,2025-12-24 20:37,PIX_MAQUINA,39.60,3.60,36.00
venda_maquina_zet,eb191043-062b-4cf8-b6df-fd263a8c6485,2025-12-27 18:44,DEBITO_MAQUINA,19.80,1.80,18.00
venda_maquina_zet,eb273576-4bee-4f0c-99d3-451a2f402a75,2025-12-04 20:36,PIX_MAQUINA,59.40,5.40,54.00
venda_maquina_zet,eb4122ea-28b5-452c-9050-c93883d6fbb1,2025-12-15 21:03,DEBITO_MAQUINA,19.80,1.80,18.00
venda_maquina_zet,eb84ab36-8f5d-48cc-b7a5-fef0a9ad4cb1,2025-12-05 20:03,DEBITO_MAQUINA,19.80,1.80,18.00
venda_maquina_zet,eb8e7752-4083-4ca8-ac11-30d632326094,2025-11-20 20:39,DEBITO_MAQUINA,99.00,9.00,90.00
venda_maquina_zet,ebc3040c-eb9e-4c5e-9850-7a60d612d464,2025-11-21 21:30,DEBITO_MAQUINA,19.80,1.80,18.00
venda_maquina_zet,ec0d2744-5335-42ab-9878-4f42fbf90722,2025-12-28 19:26,CREDITO_MAQUINA,39.60,3.60,36.00
venda_maquina_zet,ec3bd269-9621-407b-8786-f0be7b2be0ac,2025-12-20 21:59,DEBITO_MAQUINA,19.80,1.80,18.00
venda_maquina_zet,ec4b6a63-c495-4220-9458-5ae75f909049,2025-12-07 20:29,DEBITO_MAQUINA,19.80,1.80,18.00
venda_maquina_zet,ec61334f-2129-44a9-bd62-9d2d2c48d46c,2025-12-07 18:44,CREDITO_MAQUINA,99.00,9.00,90.00
venda_maquina_zet,ec85d57e-f18f-4d0a-9d4d-3017be62686f,2025-11-29 20:44,CREDITO_MAQUINA,39.60,3.60,36.00
venda_maquina_zet,ecc77b14-740e-4bb3-87c9-60b805f235ab,2025-11-29 21:19,CREDITO_MAQUINA,59.40,5.40,54.00
venda_maquina_zet,ecedf329-2079-40f0-a8b4-97602c4a6418,2025-11-21 19:54,CREDITO_MAQUINA,79.20,7.20,72.00
venda_maquina_zet,ed425c71-a193-411e-a4de-f103e3d22a5d,2025-12-22 20:22,DEBITO_MAQUINA,19.80,1.80,18.00
venda_maquina_zet,ed4cffb6-66ca-4825-9fde-9cae89230807,2025-11-24 18:59,CREDITO_MAQUINA,82.50,7.50,75.00
venda_maquina_zet,ed6e77bf-7b12-4084-818b-1bd61ed7b921,2025-12-25 19:21,CREDITO_MAQUINA,79.20,7.20,72.00
venda_maquina_zet,ee30aab1-a248-420a-85e4-675c66d0d319,2025-11-22 19:54,CREDITO_MAQUINA,19.80,1.80,18.00
venda_maquina_zet,eec07d99-888a-4085-9b69-cc900e090ec9,2025-11-29 21:24,CREDITO_MAQUINA,114.40,10.40,104.00
venda_maquina_zet,ef092e77-5edb-4d1a-955e-bc4fb93d34bc,2025-11-26 20:43,CREDITO_MAQUINA,19.80,1.80,18.00
venda_maquina_zet,ef81f673-fa94-49be-b6fd-c86386833a88,2025-12-25 19:30,DEBITO_MAQUINA,39.60,3.60,36.00
venda_maquina_zet,f00c1d27-8a65-4898-85bc-7e61467498ce,2025-12-14 21:13,CREDITO_MAQUINA,19.80,1.80,18.00
venda_maquina_zet,f08e7893-daae-4be1-a56f-6ef45a402bdc,2025-12-21 17:53,PIX_MAQUINA,79.20,7.20,72.00
venda_maquina_zet,f12a9f81-2505-4818-a7de-5a1eeebf99c1,2025-11-21 22:45,DEBITO_MAQUINA,257.40,23.40,234.00
venda_maquina_zet,f139bbd4-61f3-44cc-bfde-bc5774d44366,2025-12-06 21:52,PIX_MAQUINA,138.60,12.60,126.00
venda_maquina_zet,f1c77043-dd21-4c00-887c-88171df5a137,2025-12-03 20:12,DEBITO_MAQUINA,19.80,1.80,18.00
venda_maquina_zet,f2807c9e-8cf1-478f-8bc3-5be670cf6428,2025-12-16 22:14,DEBITO_MAQUINA,178.20,16.20,162.00
venda_maquina_zet,f280da4e-bc29-40f3-a7fe-cba2d0201d78,2025-11-29 18:40,PIX_MAQUINA,59.40,5.40,54.00
venda_maquina_zet,f2914c89-8734-4ced-8b9c-691db1ae102b,2025-12-08 19:29,CREDITO_MAQUINA,118.80,10.80,108.00
venda_maquina_zet,f293ee6b-1bc3-4e3b-a4b6-31adbf13c057,2025-12-06 22:06,DEBITO_MAQUINA,19.80,1.80,18.00
venda_maquina_zet,f2952622-1242-4656-9dc5-cc3bceedc07a,2025-11-30 20:11,DEBITO_MAQUINA,19.80,1.80,18.00
venda_maquina_zet,f2ae4c18-71b8-4861-b758-4dfae33b3892,2025-12-02 20:22,DEBITO_MAQUINA,19.80,1.80,18.00
venda_maquina_zet,f2b56849-9bca-49ac-b1c1-f55f5646d464,2025-11-30 19:25,DEBITO_MAQUINA,217.80,19.80,198.00
venda_maquina_zet,f2dab97e-afef-4983-9a59-a58f0a29b2a7,2025-12-18 22:24,PIX_MAQUINA,19.80,1.80,18.00
venda_maquina_zet,f341451d-e9eb-4b66-8c51-a1f7292a0483,2025-12-03 18:36,DEBITO_MAQUINA,59.40,5.40,54.00
venda_maquina_zet,f351cfb2-6706-4bec-9a84-f554c3dfc8c9,2025-12-22 21:12,PIX_MAQUINA,39.60,3.60,36.00
venda_maquina_zet,f3631a84-5c57-4b46-b72f-f64ec72d0863,2025-12-28 22:07,DEBITO_MAQUINA,59.40,5.40,54.00
venda_maquina_zet,f363e136-db59-4031-9dda-cce8e88f29a3,2025-12-17 20:47,PIX_MAQUINA,19.80,1.80,18.00
venda_maquina_zet,f3cd9963-2c04-4711-998e-0a87ad6f9ad2,2025-12-28 18:30,DEBITO_MAQUINA,79.20,7.20,72.00
venda_maquina_zet,f3fb3a8a-aa8f-476e-b093-2e2147eaf6b8,2025-11-16 20:07,DEBITO_MAQUINA,19.80,1.80,18.00
venda_maquina_zet,f43caefc-74de-4198-bb0f-853fecfdb11a,2025-12-07 20:15,DEBITO_MAQUINA,79.20,7.20,72.00
venda_maquina_zet,f4699764-c6dd-4229-a3aa-9104185cc7b7,2025-12-16 22:07,DEBITO_MAQUINA,39.60,3.60,36.00
venda_maquina_zet,f5203e74-aec8-49a7-bd18-68c04f3d17b8,2025-11-21 20:10,DEBITO_MAQUINA,138.60,12.60,126.00
venda_maquina_zet,f52c167a-c7cc-476d-8f9a-72bed86a267e,2025-12-26 19:37,CREDITO_MAQUINA,19.80,1.80,18.00
venda_maquina_zet,f565d4de-0a22-4f0e-ac47-21921de3f3ff,2025-12-24 19:47,DEBITO_MAQUINA,19.80,1.80,18.00
venda_maquina_zet,f58c966c-1bda-4184-805e-45a5afee44cb,2025-12-26 19:01,DEBITO_MAQUINA,118.80,10.80,108.00
venda_maquina_zet,f5cd1229-a3c5-4df9-a724-5e15ba432833,2025-12-06 18:36,DEBITO_MAQUINA,110.00,10.00,100.00
venda_maquina_zet,f5e45914-076e-4641-97bb-a08e12ddce2b,2025-12-06 20:04,DEBITO_MAQUINA,118.80,10.80,108.00
venda_maquina_zet,f5f709fc-f2c6-44db-adc8-43a4cd6691c8,2025-11-19 19:49,CREDITO_MAQUINA,19.80,1.80,18.00
venda_maquina_zet,f61ec230-b4c8-4eb9-aa62-7728be66c758,2025-11-26 20:16,DEBITO_MAQUINA,19.80,1.80,18.00
venda_maquina_zet,f64fb6f6-36fe-416c-9278-2b1acfab4840,2025-12-23 20:18,DEBITO_MAQUINA,19.80,1.80,18.00
venda_maquina_zet,f67b1590-a419-428e-954b-ae81d812dd98,2025-12-13 18:45,DEBITO_MAQUINA,138.60,12.60,126.00
venda_maquina_zet,f68263c6-ca34-4957-bfb7-8c60a2837262,2025-11-28 19:34,PIX_MAQUINA,138.60,12.60,126.00
venda_maquina_zet,f6be0f8a-b4bd-404b-8fce-25e08ce5a6d4,2025-12-01 20:15,CREDITO_MAQUINA,19.80,1.80,18.00
venda_maquina_zet,f72a4539-a5c6-4c4e-802f-7a5d68348bd7,2025-12-16 20:24,PIX_MAQUINA,19.80,1.80,18.00
venda_maquina_zet,f7967d42-cec2-4add-9f73-7bf51af6554b,2025-12-11 18:48,CREDITO_MAQUINA,39.60,3.60,36.00
venda_maquina_zet,f7a0ae07-f60e-4889-bd1b-06ebf72bbe9e,2025-12-04 19:22,CREDITO_MAQUINA,19.80,1.80,18.00
venda_maquina_zet,f7b6623d-f90d-4ed9-b014-a0f76bc6c221,2025-12-23 19:35,PIX_MAQUINA,19.80,1.80,18.00
venda_maquina_zet,f7c00d9f-13bd-4975-9e4e-8738a4e1de33,2025-12-21 18:50,DEBITO_MAQUINA,19.80,1.80,18.00
venda_maquina_zet,f80c03b2-11cf-46a1-b36b-e1efff9d3986,2025-12-21 19:33,PIX_MAQUINA,79.20,7.20,72.00
venda_maquina_zet,f8197d5f-0e2d-4637-8962-bff8a9b090b9,2025-12-28 18:51,PIX_MAQUINA,118.80,10.80,108.00
venda_maquina_zet,f92425cd-448f-4e52-8927-892597bfb33f,2025-12-15 22:08,PIX_MAQUINA,39.60,3.60,36.00
venda_maquina_zet,f93ca8bb-1ec7-477f-a2e9-52dc61cf568b,2025-12-07 20:53,PIX_MAQUINA,39.60,3.60,36.00
venda_maquina_zet,f98aada7-ce03-46b1-88b8-5b969f7bae6e,2025-12-15 22:08,DEBITO_MAQUINA,39.60,3.60,36.00
venda_maquina_zet,f9a73c2a-19a8-4deb-b7e4-5b580c253567,2025-11-20 18:30,CREDITO_MAQUINA,158.40,14.40,144.00
venda_maquina_zet,fa0d3868-f90c-4d5b-b7aa-a92d5febc19c,2025-12-14 21:07,PIX_MAQUINA,19.80,1.80,18.00
venda_maquina_zet,fa6e03c9-2481-4eb4-8761-a29bfab3ff27,2025-12-21 18:20,DEBITO_MAQUINA,39.60,3.60,36.00
venda_maquina_zet,fa7c4e7f-b107-4e81-b0cd-37f47d1b34c6,2025-12-17 18:43,DEBITO_MAQUINA,39.60,3.60,36.00
venda_maquina_zet,fa7d99b0-4259-4075-86b8-e1af99f3888d,2025-12-07 20:30,DEBITO_MAQUINA,19.80,1.80,18.00
venda_maquina_zet,fad452b8-fea4-442f-be6e-68caaf30c2a2,2025-12-06 19:36,DEBITO_MAQUINA,99.00,9.00,90.00
venda_maquina_zet,fae036b7-ae15-4651-827e-1ab6adb93897,2025-11-21 20:02,DEBITO_MAQUINA,59.40,5.40,54.00
venda_maquina_zet,fb2f60ec-4a40-45e3-a5b6-7d1af0f16309,2025-12-07 20:41,DEBITO_MAQUINA,99.00,9.00,90.00
venda_maquina_zet,fb2fdccb-4beb-4397-a48b-f6e2acb2e93c,2025-12-04 20:22,CREDITO_MAQUINA,19.80,1.80,18.00
venda_maquina_zet,fb66b5d3-4640-491e-9502-61d9f5202ebc,2025-11-28 18:39,CREDITO_MAQUINA,59.40,5.40,54.00
venda_maquina_zet,fb82a71c-d5e9-425b-bf6a-9d68a8ab3d17,2025-12-27 19:34,PIX_MAQUINA,19.80,1.80,18.00
venda_maquina_zet,fb8b3e90-868b-4de6-81a4-3a661057bfa7,2025-12-22 19:12,CREDITO_MAQUINA,99.00,9.00,90.00
venda_maquina_zet,fbd63a1e-ee5f-4d2a-88ff-ce7a7e784fd3,2025-11-25 21:13,PIX_MAQUINA,19.80,1.80,18.00
venda_maquina_zet,fbdc93a2-4c7f-4d31-bb14-250549097288,2025-12-14 19:11,DEBITO_MAQUINA,178.20,16.20,162.00
venda_maquina_zet,fbe83c26-16e1-4e4d-afdf-3a5391634ae7,2025-12-15 22:10,DEBITO_MAQUINA,118.80,10.80,108.00
venda_maquina_zet,fbf25b3f-c330-4800-bc5e-a2209920bca9,2025-11-21 20:01,CREDITO_MAQUINA,178.20,16.20,162.00
venda_maquina_zet,fc43fd03-0c2c-40e2-8441-7006238de4b9,2025-12-06 20:24,DEBITO_MAQUINA,59.40,5.40,54.00
venda_maquina_zet,fc6f1c78-5b8a-4235-ac8b-3a983ae5c71d,2025-12-06 18:19,DEBITO_MAQUINA,55.00,5.00,50.00
venda_maquina_zet,fca2626a-f535-4555-931d-39fdb338ae85,2025-12-07 21:02,DEBITO_MAQUINA,59.40,5.40,54.00
venda_maquina_zet,fcde4c4c-4f46-4c13-b49a-07bd04fb7881,2025-12-06 22:16,CREDITO_MAQUINA,19.80,1.80,18.00
venda_maquina_zet,fd01deab-5f16-4b16-9298-d7b379ffdc5b,2025-12-15 19:14,PIX_MAQUINA,59.40,5.40,54.00
venda_maquina_zet,fd1f7487-ba73-4164-982c-fc2d80b1b6a1,2025-11-20 20:14,DEBITO_MAQUINA,19.80,1.80,18.00
venda_maquina_zet,fd3bcd49-d91d-408a-b648-a520f1bc1c0c,2025-12-21 19:42,CREDITO_MAQUINA,19.80,1.80,18.00
venda_maquina_zet,fd624f24-9f31-44fb-9bfd-483c695e6f80,2025-12-13 19:56,DEBITO_MAQUINA,19.80,1.80,18.00
venda_maquina_zet,fd8a6382-79e4-4842-b89a-a5ac4c53f1df,2025-11-19 19:10,CREDITO_MAQUINA,19.80,1.80,18.00
venda_maquina_zet,fde91f2a-0938-4cc8-ad53-0ea5e09cd36f,2025-12-11 18:39,DEBITO_MAQUINA,79.20,7.20,72.00
venda_maquina_zet,fe003177-7900-407a-a328-fe836702e7ac,2025-11-21 19:41,CREDITO_MAQUINA,79.20,7.20,72.00
venda_maquina_zet,fe1f84ff-2825-4a0d-ba6c-d5b9633c052d,2025-12-08 19:07,PIX_MAQUINA,79.20,7.20,72.00
venda_maquina_zet,fe4040f5-d77a-464c-944b-fb8944ab16ca,2025-12-14 18:40,DEBITO_MAQUINA,39.60,3.60,36.00
venda_maquina_zet,fe975086-cd8e-4b27-96b4-0848f74e0789,2025-12-25 20:40,DEBITO_MAQUINA,39.60,3.60,36.00
venda_maquina_zet,fea8b8b5-f2e0-4100-b67d-a99a5f53f75e,2025-12-20 20:49,CREDITO_MAQUINA,19.80,1.80,18.00
venda_maquina_zet,febbb4fc-ec26-41f7-93ee-a20b9a742acf,2025-12-04 20:40,DEBITO_MAQUINA,19.80,1.80,18.00
venda_maquina_zet,ff13b8d2-06e3-43c0-8ff8-68c680130d70,2025-12-15 18:48,DEBITO_MAQUINA,59.40,5.40,54.00
venda_maquina_zet,ff2140d2-ae7d-4a2b-902b-cef443ac0450,2025-12-05 20:59,PIX_MAQUINA,19.80,1.80,18.00
venda_maquina_zet,ff220b73-22d1-4def-9969-0ff2d67fd844,2025-11-29 19:46,PIX_MAQUINA,59.40,5.40,54.00
venda_maquina_zet,ff6e4dc3-a15c-4aeb-953f-b12afa59d457,2025-11-27 20:25,CREDITO_MAQUINA,19.80,1.80,18.00
venda_maquina_zet,ff81fe2c-27db-4975-bbb7-6aa03c29f060,2026-01-02 20:22,CREDITO_MAQUINA,19.80,1.80,18.00
venda_maquina_zet,ffa651ba-b09c-4dbe-bcec-210dc84bcc74,2025-12-20 18:35,DEBITO_MAQUINA,19.80,1.80,18.00
venda_maquina_zet,ffe881e9-44bc-4818-b0dd-ea5bd6c84610,2025-12-25 19:28,CREDITO_MAQUINA,99.00,9.00,90.00
webhook_nunca_recebido,094689de-a66a-429a-afc0-f9b138f4d1df,2025-12-18 19:06,PIX,99.00,9.00,90.00
webhook_nunca_recebido,09e18ba8-55eb-4316-9e0f-28d3f89404ad,2025-12-08 14:01,PIX,19.80,1.80,18.00
webhook_nunca_recebido,0a1582e5-c352-4ac3-bee7-a487c0f403b4,2025-12-18 19:12,PIX,79.20,7.20,72.00
webhook_nunca_recebido,0bb7c3ed-0f29-4981-98e3-463f25c00068,2025-12-08 13:40,CREDITO,55.00,5.00,50.00
webhook_nunca_recebido,0c5db7bd-5369-4129-ba1e-02d7c32d4663,2025-11-09 10:44,CREDITO,47.30,4.30,43.00
webhook_nunca_recebido,0ecd6a77-2430-4e43-a665-9a0371d78f82,2025-12-21 19:28,CREDITO,178.20,16.20,162.00
webhook_nunca_recebido,0f454529-2ed7-4d9c-b56d-448bd1f77b54,2025-12-13 19:21,CREDITO,79.20,7.20,72.00
webhook_nunca_recebido,1033bea8-51a8-4d3a-9658-58383a3591fd,2025-11-09 17:29,CREDITO,19.80,1.80,18.00
webhook_nunca_recebido,10a78eeb-6a77-4b55-b3ad-1d5f77a20a4d,2025-12-08 13:03,PIX,99.00,9.00,90.00
webhook_nunca_recebido,11256f6d-da60-43d8-bfe0-9cbfe1985ab1,2025-12-18 18:56,PIX,39.60,3.60,36.00
webhook_nunca_recebido,130c49b5-3fe0-4656-8302-934ce0972a41,2025-12-18 18:48,PIX,99.00,9.00,90.00
webhook_nunca_recebido,14ddf236-face-4f3d-8da3-8bfdf8e7bc10,2025-12-13 19:25,CREDITO,79.20,7.20,72.00
webhook_nunca_recebido,1593638f-872a-456c-a744-5fe22773bc44,2025-12-21 17:43,CREDITO,118.80,10.80,108.00
webhook_nunca_recebido,16677fcf-9fbe-4fcd-80e3-ecee3f528ad7,2025-12-18 19:07,CREDITO,158.40,14.40,144.00
webhook_nunca_recebido,16746196-56f8-4348-9aa0-9438a4e29db2,2025-11-09 12:52,CREDITO,39.60,3.60,36.00
webhook_nunca_recebido,18096d5d-1b80-4d94-b6dd-3ef32c90154e,2025-11-18 11:00,PIX,138.60,12.60,126.00
webhook_nunca_recebido,18c8e2f5-0973-433b-a693-8d79ba7d39c6,2025-12-08 14:06,PIX,19.80,1.80,18.00
webhook_nunca_recebido,1d0643eb-3a2c-4dbc-afc8-27daac698d52,2025-12-18 19:04,PIX,79.20,7.20,72.00
webhook_nunca_recebido,1ddc880a-fc24-4593-a8c9-61d60cb43f2a,2025-12-21 17:35,PIX,19.80,1.80,18.00
webhook_nunca_recebido,1f08b2ad-13fc-4e74-8cb8-85098c34fd9e,2025-11-09 10:49,CREDITO,55.00,5.00,50.00
webhook_nunca_recebido,201960e5-3220-404f-81e6-fb9ff67e8b93,2025-12-13 20:58,PIX,99.00,9.00,90.00
webhook_nunca_recebido,22e71519-c45d-456c-a7c8-edfe822bc99e,2025-12-08 13:09,PIX,39.60,3.60,36.00
webhook_nunca_recebido,23486587-a5ca-4af0-b27f-48bf9c768495,2025-12-08 13:37,PIX,138.60,12.60,126.00
webhook_nunca_recebido,24a43fca-f03b-4d41-8b72-f2c8c46e32b8,2025-12-18 18:52,PIX,39.60,3.60,36.00
webhook_nunca_recebido,2798b4d0-a431-416e-bcc5-26c4932d279a,2025-12-18 19:04,PIX,118.80,10.80,108.00
webhook_nunca_recebido,2b2127a9-deef-4aeb-a1e0-5d405ae98011,2025-12-08 12:54,PIX,99.00,9.00,90.00
webhook_nunca_recebido,2d31d38e-831c-4ad0-a6b1-dabe94bcfea8,2025-11-18 08:56,PIX,59.40,5.40,54.00
webhook_nunca_recebido,2f37651f-bca8-4d2b-8b19-a098ef22e920,2025-11-18 10:07,PIX,39.60,3.60,36.00
webhook_nunca_recebido,32138638-8db8-4fb8-b3cd-8e1816726190,2025-12-18 18:51,PIX,59.40,5.40,54.00
webhook_nunca_recebido,33039829-80b9-4571-a5dd-357840870d1f,2025-12-18 19:35,PIX,217.80,19.80,198.00
webhook_nunca_recebido,3403149e-a46b-489c-95a9-f17f2c83cb4e,2025-12-13 19:22,PIX,39.60,3.60,36.00
webhook_nunca_recebido,3479946f-7fed-4934-b688-f4e32b3e65ef,2025-12-21 19:24,PIX,118.80,10.80,108.00
webhook_nunca_recebido,3661b507-b0cb-4c95-badd-6e9ffb480870,2025-12-21 19:24,PIX,59.40,5.40,54.00
webhook_nunca_recebido,3683c67d-fe19-45bb-8afd-f79ce86b0105,2025-12-18 18:56,CREDITO,59.40,5.40,54.00
webhook_nunca_recebido,39863bcb-9106-4041-82a2-62f31cb07d5e,2025-12-21 19:24,PIX,198.00,18.00,180.00
webhook_nunca_recebido,39bc6672-b4a6-408f-956f-12b7e8665f27,2025-12-13 19:23,PIX,59.40,5.40,54.00
webhook_nunca_recebido,3bbf7bb3-952c-4d80-8d58-4cb5d79d884e,2025-12-08 12:52,PIX,79.20,7.20,72.00
webhook_nunca_recebido,3c571114-63bd-4c33-ad24-cf84111566e4,2025-12-18 18:33,PIX,59.40,5.40,54.00
webhook_nunca_recebido,3cf2a84c-2a58-4155-a37f-e3091358b578,2025-12-08 13:47,CREDITO,47.30,4.30,43.00
webhook_nunca_recebido,3d154d63-9b6e-4d33-a5e3-0a1230b9bbea,2025-12-23 14:48,PIX,59.40,5.40,54.00
webhook_nunca_recebido,3f44f72d-d019-4ca6-9ae9-63841463d225,2025-11-18 12:58,CREDITO,59.40,5.40,54.00
webhook_nunca_recebido,3fb9ad2e-e26d-4429-ba58-ae811ad3e4e8,2025-11-18 09:00,PIX,39.60,3.60,36.00
webhook_nunca_recebido,3fc4be1c-327b-4ab7-a131-7c6b1dce55a9,2025-11-18 09:46,PIX,39.60,3.60,36.00
webhook_nunca_recebido,41d1e51a-342a-4522-ba0e-dc70e3a2ea6d,2025-11-09 13:09,CREDITO,79.20,7.20,72.00
webhook_nunca_recebido,43d0ae07-c553-4748-afc8-0ef7da8476a2,2025-12-08 12:59,CREDITO,19.80,1.80,18.00
webhook_nunca_recebido,46308eef-7ebd-46c4-b8bd-bd0a7294f499,2025-12-08 14:00,CREDITO,59.40,5.40,54.00
webhook_nunca_recebido,463e465f-d300-4bc0-8ccc-47138470f0f8,2025-11-09 18:56,CREDITO,82.50,7.50,75.00
webhook_nunca_recebido,49b6093f-c38c-4c77-a33c-42fa240c9dcd,2025-12-23 14:53,PIX,118.80,10.80,108.00
webhook_nunca_recebido,4b540291-af5d-4cde-975b-52b73d9e2df8,2025-12-18 23:39,PIX,94.60,8.60,86.00
webhook_nunca_recebido,4b5a9b73-5d77-4913-b800-e1f70bc8df0b,2025-12-18 18:43,PIX,39.60,3.60,36.00
webhook_nunca_recebido,4c5980bc-ad92-4a51-bc3d-05708d981d59,2025-11-09 18:22,PIX,99.00,9.00,90.00
webhook_nunca_recebido,4d666ce8-b120-43cc-9104-fc8366b7c4bd,2025-12-13 19:20,PIX,39.60,3.60,36.00
webhook_nunca_recebido,4dc09bb6-6d5a-458c-81f1-70b05a33eb8f,2025-11-09 17:50,CREDITO,39.60,3.60,36.00
webhook_nunca_recebido,4e98427a-d82d-4de5-b1fb-eb32d4f4a4ca,2025-12-08 14:00,PIX,19.80,1.80,18.00
webhook_nunca_recebido,4f0c3d0c-4ea9-450b-999b-305ae849554f,2025-12-08 12:56,CREDITO,19.80,1.80,18.00
webhook_nunca_recebido,4fa8b75c-d3f3-4834-b814-18d3d6c7ebcc,2025-12-18 19:04,PIX,79.20,7.20,72.00
webhook_nunca_recebido,52f72167-9947-4a7b-ac1a-1b7e49f63c2f,2025-12-23 14:42,PIX,138.60,12.60,126.00
webhook_nunca_recebido,55d6e66b-ceea-4cbd-bc37-e43075063afc,2025-12-08 12:48,PIX,178.20,16.20,162.00
webhook_nunca_recebido,56be31fe-0061-4dcc-8a85-0a89d253795a,2025-12-09 22:09,CREDITO,59.40,5.40,54.00
webhook_nunca_recebido,5853bb69-0d4a-4450-8e19-c762c7c6fb45,2025-11-18 11:09,CREDITO,59.40,5.40,54.00
webhook_nunca_recebido,595a21f9-6c91-4695-b1ee-03efaacb2ad3,2025-11-09 19:44,CREDITO,86.90,7.90,79.00
webhook_nunca_recebido,5a4c3952-a225-43e0-b015-889ab052b39c,2025-11-18 11:02,PIX,99.00,9.00,90.00
webhook_nunca_recebido,5abddb99-388f-426e-b186-45a5dc98b90b,2025-12-18 18:39,PIX,59.40,5.40,54.00
webhook_nunca_recebido,5c004b19-ddeb-4f5e-bbe2-75a2763afe9e,2025-11-18 12:40,CREDITO,39.60,3.60,36.00
webhook_nunca_recebido,600231cf-3f36-42a5-9ad7-9bd09702babf,2025-11-18 10:02,PIX,99.00,9.00,90.00
webhook_nunca_recebido,6077f7fc-791d-4cbd-9188-169d366910a8,2025-11-18 09:51,PIX,39.60,3.60,36.00
webhook_nunca_recebido,6123c2c5-95f7-4495-a90a-fc642c098869,2025-11-09 16:13,CREDITO,47.30,4.30,43.00
webhook_nunca_recebido,63415064-ca1e-41d2-8749-f1d1f775626c,2025-11-09 18:19,PIX,55.00,5.00,50.00
webhook_nunca_recebido,63979700-1c53-43c4-bf66-872441efe373,2025-12-08 12:49,PIX,158.40,14.40,144.00
webhook_nunca_recebido,63eb4e3a-eff2-4b73-88e9-83750ffbbcde,2025-12-18 19:03,PIX,99.00,9.00,90.00
webhook_nunca_recebido,63fc1ef7-f9d6-4534-a52d-ad3e6aa9f2a7,2025-12-13 19:20,CREDITO,79.20,7.20,72.00
webhook_nunca_recebido,69478ba2-630a-43b3-9879-557d86920391,2025-12-21 17:23,CREDITO,138.60,12.60,126.00
webhook_nunca_recebido,6b182024-e856-4a17-8af3-1d9e00cfceb9,2025-11-18 12:06,CREDITO,158.40,14.40,144.00
webhook_nunca_recebido,6b33e9e6-c7cf-4d59-915d-f5dd9e2584a6,2025-12-08 14:00,PIX,39.60,3.60,36.00
webhook_nunca_recebido,6b5ec196-95e7-4513-9f8f-b1b0369be61e,2025-12-13 19:20,PIX,178.20,16.20,162.00
webhook_nunca_recebido,6cb22cf8-97bc-49db-a03d-337ccb1a9833,2025-12-21 19:23,PIX,59.40,5.40,54.00
webhook_nunca_recebido,6da21db8-6ef8-4aa0-a7d9-88fafd564302,2025-12-18 19:08,PIX,79.20,7.20,72.00
webhook_nunca_recebido,7031cf61-0b8f-4740-aae5-845b8c7a1982,2025-12-08 13:59,PIX,158.40,14.40,144.00
webhook_nunca_recebido,71c09a4c-6acb-4b1b-9d48-2eee8469fb81,2025-12-08 13:04,PIX,79.20,7.20,72.00
webhook_nunca_recebido,72857d38-27ce-4d4e-a98d-0cfc2ec9e8eb,2025-12-19 22:21,PIX,198.00,18.00,180.00
webhook_nunca_recebido,732d0d78-59e5-4494-a5ef-5033f569bbf1,2025-12-18 18:42,CREDITO,158.40,14.40,144.00
webhook_nunca_recebido,73a663f8-eb50-4f5b-a3f9-e8ae7fcc1882,2025-11-18 10:48,CREDITO,59.40,5.40,54.00
webhook_nunca_recebido,73cd6717-32c2-41b6-b3ad-5dd712b9ad4d,2025-11-18 10:00,PIX,74.80,6.80,68.00
webhook_nunca_recebido,77b03dac-d4ec-4dab-9335-27e33854124b,2025-12-08 14:00,PIX,59.40,5.40,54.00
webhook_nunca_recebido,79d691f2-87f3-4280-8d95-d4ee10efb6f1,2025-12-21 17:33,PIX,376.20,34.20,342.00
webhook_nunca_recebido,79f0aadc-361d-4995-9c1d-d01fe0869988,2025-12-13 19:28,PIX,79.20,7.20,72.00
webhook_nunca_recebido,7d100da5-6608-44d7-9d12-ed5af1caa802,2025-12-21 19:24,PIX,59.40,5.40,54.00
webhook_nunca_recebido,7dc6c3f8-1c93-496a-a3a1-e108d27f2f16,2025-12-08 13:20,CREDITO,74.80,6.80,68.00
webhook_nunca_recebido,7eaa84dd-e988-4ae6-b113-1471b5ba97b4,2025-12-08 13:39,CREDITO,79.20,7.20,72.00
webhook_nunca_recebido,7eb7d6b4-4e54-440b-a268-2ba30a192c63,2025-11-09 11:35,CREDITO,39.60,3.60,36.00
webhook_nunca_recebido,808d6830-4bce-44ee-9d7b-c273c80fffb8,2025-12-08 13:50,PIX,178.20,16.20,162.00
webhook_nunca_recebido,80ee3ce3-2410-4805-a00c-f46a8c554d06,2025-12-08 12:52,PIX,118.80,10.80,108.00
webhook_nunca_recebido,81e6ca5a-1c8f-4705-898c-ca47328e38c3,2025-12-08 13:16,PIX,118.80,10.80,108.00
webhook_nunca_recebido,86c6a0ed-91c8-4589-a29d-7e9377cda90f,2025-12-23 14:47,PIX,59.40,5.40,54.00
webhook_nunca_recebido,87c78e7a-b4f0-4bc5-b94f-6ec35c91ef1c,2025-12-08 13:47,PIX,99.00,9.00,90.00
webhook_nunca_recebido,87d609bd-2750-489b-970f-338e63aba0bf,2025-12-26 12:13,PIX,39.60,3.60,36.00
webhook_nunca_recebido,886140c7-7eab-4bb8-9fc0-36374817c127,2025-11-18 10:42,CREDITO,79.20,7.20,72.00
webhook_nunca_recebido,8b565534-5584-4e98-bacb-69e7945b7071,2025-11-18 09:44,PIX,79.20,7.20,72.00
webhook_nunca_recebido,8d1d2e75-b13e-48bc-aa5f-b7e71bc89c43,2025-11-18 08:36,CREDITO,59.40,5.40,54.00
webhook_nunca_recebido,8e5cfda7-a4bc-4e12-a385-2e48376d90c5,2025-12-08 13:03,PIX,19.80,1.80,18.00
webhook_nunca_recebido,8f5eb003-1d3e-423f-bb93-ccc29694d6df,2025-12-08 13:21,CREDITO,82.50,7.50,75.00
webhook_nunca_recebido,8f759ffd-0ba2-490a-b6fc-fcb6dd0eb5ad,2025-11-18 08:47,PIX,99.00,9.00,90.00
webhook_nunca_recebido,901616d8-3f05-4ec2-a6bb-7279531bf6e2,2025-12-18 18:39,PIX,79.20,7.20,72.00
webhook_nunca_recebido,90d351eb-acb4-4722-8b5d-19d0ceb58e1f,2025-12-21 22:24,PIX,39.60,3.60,36.00
webhook_nunca_recebido,92f3aea0-d38a-4ca1-ac93-363f4cc36996,2025-12-08 14:01,PIX,99.00,9.00,90.00
webhook_nunca_recebido,934799c4-199f-4275-af80-c2d0b4a682d6,2025-12-24 08:41,PIX,79.20,7.20,72.00
webhook_nunca_recebido,93d2bf2d-b43f-4374-b084-81b78fe238e1,2025-12-21 17:24,PIX,138.60,12.60,126.00
webhook_nunca_recebido,96a7064b-b5ed-415e-9236-7fb1f24f10b3,2025-12-08 13:35,PIX,67.10,6.10,61.00
webhook_nunca_recebido,98871d46-f360-452d-983b-803fe1dff31b,2025-11-18 09:29,CREDITO,79.20,7.20,72.00
webhook_nunca_recebido,99176f99-b15f-4f5e-b836-9321512e1d3b,2025-12-21 17:22,PIX,39.60,3.60,36.00
webhook_nunca_recebido,9972108e-8c88-4fd5-ba75-f284f0a971ac,2025-12-18 18:57,PIX,79.20,7.20,72.00
webhook_nunca_recebido,9ceb2bf1-a974-497e-a891-32e6e41ddd9e,2025-12-21 19:23,PIX,118.80,10.80,108.00
webhook_nunca_recebido,9da6d843-e26f-4122-8501-d922644064b3,2025-12-08 12:56,PIX,39.60,3.60,36.00
webhook_nunca_recebido,9dd41865-d89b-4513-ba7b-150fe249cde2,2025-12-21 19:29,PIX,118.80,10.80,108.00
webhook_nunca_recebido,9ef21a69-40a2-4438-8be9-06dd5ed154c6,2025-12-18 18:50,PIX,39.60,3.60,36.00
webhook_nunca_recebido,9f5fe432-8b25-4dae-83ca-6ca5a9cca825,2025-11-09 17:55,CREDITO,79.20,7.20,72.00
webhook_nunca_recebido,a2908e1f-1d52-4222-902e-f1f3018ea8a9,2025-12-08 13:05,CREDITO,198.00,18.00,180.00
webhook_nunca_recebido,a46bd62e-314c-494a-ba93-28c32a9b4a47,2025-12-18 18:49,PIX,39.60,3.60,36.00
webhook_nunca_recebido,a7ee15dd-357b-4066-8bee-8d8c29aa78cd,2025-12-13 19:22,CREDITO,19.80,1.80,18.00
webhook_nunca_recebido,a93f75b6-dad6-4df4-a2de-e0e2e8a2391f,2025-12-21 19:24,PIX,138.60,12.60,126.00
webhook_nunca_recebido,aef3cf4d-fd39-4ac9-b86d-284f61cd05f0,2025-12-18 18:44,PIX,118.80,10.80,108.00
webhook_nunca_recebido,b1de1abb-1437-46ad-a6f3-c736d581b3da,2025-11-18 11:26,PIX,114.40,10.40,104.00
webhook_nunca_recebido,b2887a5c-f782-4c48-8bd0-1c27d2d82c6f,2025-11-18 10:34,PIX,59.40,5.40,54.00
webhook_nunca_recebido,b2fff1a5-c319-4e97-91aa-0d5299b5d331,2025-12-08 13:00,PIX,19.80,1.80,18.00
webhook_nunca_recebido,b3373023-65fe-4f84-8f8b-36bc98ee620c,2025-12-08 13:57,PIX,79.20,7.20,72.00
webhook_nunca_recebido,b48fed88-57c1-4d8a-85f7-fddcdf55285d,2025-12-08 13:15,CREDITO,79.20,7.20,72.00
webhook_nunca_recebido,b4b8c96f-c3ca-4662-a09e-2f3f593de2f1,2025-12-21 17:30,PIX,79.20,7.20,72.00
webhook_nunca_recebido,b6be76f5-0878-47fa-9b0b-14d87630ce6d,2025-11-09 12:43,PIX,39.60,3.60,36.00
webhook_nunca_recebido,b6c636f4-cee8-4e51-9d1c-2a0d80515f94,2025-12-08 13:01,PIX,277.20,25.20,252.00
webhook_nunca_recebido,b73637d5-f3d3-4813-86a9-796d3c3c16cd,2025-12-19 18:57,PIX,237.60,21.60,216.00
webhook_nunca_recebido,b76ad2f3-31a5-4903-b8f9-e1e576ac7a5b,2025-12-13 19:23,CREDITO,118.80,10.80,108.00
webhook_nunca_recebido,b8066a3d-ae5d-4de8-94e6-039f9620d51d,2025-12-08 13:53,PIX,59.40,5.40,54.00
webhook_nunca_recebido,b838f910-3dc3-4efc-a9e7-d95e93b6e035,2025-12-18 18:38,CREDITO,59.40,5.40,54.00
webhook_nunca_recebido,b862da1f-8646-4a19-af95-6171ef1adeac,2025-12-08 13:04,PIX,39.60,3.60,36.00
webhook_nunca_recebido,b94fe8dd-610a-467b-bcc9-7ced59206e08,2025-12-08 13:20,PIX,39.60,3.60,36.00
webhook_nunca_recebido,b9d261a4-9248-4b69-a3cf-8498e547d56a,2025-11-09 19:06,CREDITO,118.80,10.80,108.00
webhook_nunca_recebido,bb4bf743-ca62-46c7-b2cf-3dc57b28547c,2025-12-18 18:47,PIX,59.40,5.40,54.00
webhook_nunca_recebido,bb6d1d01-7809-4630-b785-e181c6ba3f43,2025-12-13 18:22,PIX,138.60,12.60,126.00
webhook_nunca_recebido,bcb6c71d-ceca-4135-9beb-3aeccf03b7b4,2025-11-09 17:09,PIX,47.30,4.30,43.00
webhook_nunca_recebido,bf7413db-1a8b-47fa-9415-3e53589c2be7,2025-12-18 19:05,CREDITO,118.80,10.80,108.00
webhook_nunca_recebido,c05d99fc-866c-4ff2-9c45-abf063dcb128,2025-12-23 14:50,PIX,118.80,10.80,108.00
webhook_nunca_recebido,c35802c5-9d7b-486a-995f-2589c7ed0830,2025-12-18 18:56,PIX,59.40,5.40,54.00
webhook_nunca_recebido,c3a80ce1-a058-42fd-a818-8be5d35e3b87,2025-11-18 08:47,CREDITO,39.60,3.60,36.00
webhook_nunca_recebido,c4893d69-9fa3-4595-9db6-4db37d44a090,2025-12-18 18:41,PIX,158.40,14.40,144.00
webhook_nunca_recebido,c499bd05-9a70-42f5-b19c-1b5425d7669d,2025-11-18 12:48,PIX,19.80,1.80,18.00
webhook_nunca_recebido,c51f715a-edb0-4186-aaca-3bf24d40d17b,2025-12-18 18:55,PIX,138.60,12.60,126.00
webhook_nunca_recebido,c5bfcb7d-b6e3-409e-85cc-b632b4e1d96f,2025-11-18 10:12,PIX,118.80,10.80,108.00
webhook_nunca_recebido,c5de2247-d835-4c44-aefa-9ac5cd8d8fb0,2025-11-18 11:23,CREDITO,114.40,10.40,104.00
webhook_nunca_recebido,c696ad09-5794-49b0-8ced-3652f0ea0e61,2025-12-08 13:21,CREDITO,59.40,5.40,54.00
webhook_nunca_recebido,c76ea3d3-8a1a-49a1-9c70-e8f98e74ff0b,2025-11-09 15:13,CREDITO,209.00,19.00,190.00
webhook_nunca_recebido,c869ac72-127c-4e1e-a590-f5015c62909c,2025-12-18 19:14,PIX,39.60,3.60,36.00
webhook_nunca_recebido,c9f9d4c6-0b27-452c-b3c7-6e8de908c6dc,2025-11-09 17:31,CREDITO,99.00,9.00,90.00
webhook_nunca_recebido,caca6e0f-ae39-4718-bdd8-dd78baf9dd1f,2025-12-08 13:37,PIX,59.40,5.40,54.00
webhook_nunca_recebido,cc3ba222-64c0-4b30-8f88-ab127498b7c2,2025-12-08 13:20,PIX,79.20,7.20,72.00
webhook_nunca_recebido,cd160de6-51e8-4860-8d9d-abacb3c7ed82,2025-11-09 16:35,PIX,158.40,14.40,144.00
webhook_nunca_recebido,cdd5c5eb-7f60-4f12-8e07-aaaef9b957bb,2025-12-08 13:31,PIX,99.00,9.00,90.00
webhook_nunca_recebido,cf7ee0ef-b11d-48d6-a1ac-8cdc9dc3071e,2025-12-13 19:29,PIX,99.00,9.00,90.00
webhook_nunca_recebido,d0018172-f900-4d7c-987b-e47df37d7221,2025-12-19 22:20,PIX,79.20,7.20,72.00
webhook_nunca_recebido,d0aa6163-1a5c-41aa-9010-99e2249737bb,2025-12-21 17:42,CREDITO,59.40,5.40,54.00
webhook_nunca_recebido,d69c7a3b-fae8-4046-8545-4967d82de8e8,2025-12-08 13:39,PIX,55.00,5.00,50.00
webhook_nunca_recebido,d8f851bb-3ae5-4d6c-81bb-b2663f80998e,2025-12-08 13:14,PIX,118.80,10.80,108.00
webhook_nunca_recebido,d901f09e-f036-492d-bbf4-cd47894760da,2025-11-09 19:49,CREDITO,79.20,7.20,72.00
webhook_nunca_recebido,d9c8102a-9e77-4a14-bbf0-76e7139e8116,2025-12-22 11:22,CREDITO,158.40,14.40,144.00
webhook_nunca_recebido,db184434-7190-4eb7-a174-60f4797fb5dc,2025-12-13 19:27,PIX,79.20,7.20,72.00
webhook_nunca_recebido,db6d940f-1f7e-448b-8a18-3db3ca22334d,2025-12-21 19:26,CREDITO,79.20,7.20,72.00
webhook_nunca_recebido,dc748992-3c6e-468d-864c-263c8dec2b16,2025-12-21 19:24,PIX,19.80,1.80,18.00
webhook_nunca_recebido,de010ceb-33e1-44eb-8fd2-093e8483ba34,2025-12-08 13:10,PIX,39.60,3.60,36.00
webhook_nunca_recebido,de5e01d0-0002-4109-a262-4007f162f7f5,2025-12-08 13:57,CREDITO,138.60,12.60,126.00
webhook_nunca_recebido,df36df28-dc53-4368-b319-b22bdb4c7638,2025-12-08 12:57,PIX,59.40,5.40,54.00
webhook_nunca_recebido,e1784c4a-5bfa-4fc2-b7f6-62f4379b616d,2025-12-08 12:48,CREDITO,39.60,3.60,36.00
webhook_nunca_recebido,e385e432-94c3-4da8-a3b4-fa7586ec04ed,2025-11-18 11:08,CREDITO,79.20,7.20,72.00
webhook_nunca_recebido,e45e873b-65e7-4bbc-9e1f-d66c697a131f,2025-11-18 09:39,PIX,39.60,3.60,36.00
webhook_nunca_recebido,e6bdf70d-5c51-4687-9ca5-b030817fa5d9,2025-11-09 15:13,PIX,59.40,5.40,54.00
webhook_nunca_recebido,eadb64de-5f78-47ba-be66-e5026bd4e654,2025-12-18 18:58,PIX,59.40,5.40,54.00
webhook_nunca_recebido,ec2d6163-9b94-44fc-bc4c-86b474b053b5,2025-12-13 19:24,PIX,59.40,5.40,54.00
webhook_nunca_recebido,eea53129-6eda-45b2-afbb-e538bde2191e,2025-11-09 14:58,PIX,79.20,7.20,72.00
webhook_nunca_recebido,efc6f0a1-e79b-42e8-815c-fd24b6781c92,2025-12-08 13:38,PIX,79.20,7.20,72.00
webhook_nunca_recebido,f0b70eb2-a770-427c-bae5-612fd870ea9d,2025-11-18 12:07,CREDITO,39.60,3.60,36.00
webhook_nunca_recebido,f106ae82-335e-4fe8-b391-182f1b35d4e5,2025-12-18 19:35,PIX,79.20,7.20,72.00
webhook_nunca_recebido,f1f84c55-14f7-4635-acf4-751345808904,2025-12-08 13:45,PIX,39.60,3.60,36.00
webhook_nunca_recebido,f2e4d418-3e55-4c07-bfdb-da5d573f148d,2025-11-18 11:28,CREDITO,19.80,1.80,18.00
webhook_nunca_recebido,f3522245-aaf3-4ea5-bb5e-7ab1f187fa98,2025-12-18 19:36,PIX,99.00,9.00,90.00
webhook_nunca_recebido,f53e7315-4e80-4e5e-ad81-c0b207eaa615,2025-12-13 19:21,CREDITO,79.20,7.20,72.00
webhook_nunca_recebido,fda3f5eb-57f5-4dc0-a2ef-c2fce1df235e,2025-12-18 19:08,PIX,99.00,9.00,90.00
webhook_nunca_recebido,fdb0e1d2-d373-4f0c-b752-b4efa833c438,2025-12-18 19:36,PIX,138.60,12.60,126.00
webhook_nunca_recebido,fe05f381-713f-48dc-b432-918c7295f9ea,2025-12-23 14:49,PIX,39.60,3.60,36.00
webhook_nunca_recebido,fe0cb6cd-0bc7-41a8-ab33-f282393562e5,2025-12-08 13:30,CREDITO,79.20,7.20,72.00
